Workbook

Sheet FAR18
A1: FAR MRC Management Services
A3: Ledger Accounts: MARCH 2017 - FEBRUARY 2018
A4: Date | B4: Reference | C4: Description | D4: Cost (ExVAT) | E4: Additions | F4: Disposals | G4: Total | H4: Per | I4: 42825 | J4: 42835 | K4: 42865 | L4: 42896 | M4: 42926 | N4: 42957 | O4: 42988 | P4: 43018 | Q4: 43049 | R4: 43079 | S4: 43110 | T4: 43141 | U4: Depn for Year | V4: Accum Depn | W4: NBV 2018
A6: 6100>020 (Computer Equipment>Cost) | I6: =+A6 -> 6100>020 (Computer Equipment>Cost)
H7: 3
A8: 42825 | B8: 18431 | C8: SevenC - 2 X HP Desktop CPU (AP & EM) | D8: 16077.6 | G8: =+D8+E8-F8 -> 16077.6 | I8: =+$G8/$H$7/365*(31-31) -> 0 | J8: =+$G8/$H$7/12 -> 446.6 | K8: =+$G8/$H$7/12 -> 446.6 | L8: =+$G8/$H$7/12 -> 446.6 | M8: =+$G8/$H$7/12 -> 446.6 | N8: =+$G8/$H$7/12 -> 446.6 | O8: =+$G8/$H$7/12 -> 446.6 | P8: =+$G8/$H$7/12 -> 446.6 | Q8: =+$G8/$H$7/12 -> 446.6 | ... T8: =+$G8/$H$7/12 -> 446.6 | U8: =SUM(I8:T8) -> 4912.6 | V8: =U8 -> 4912.6 | W8: =+G8-V8 -> 11165
A9: 42825 | B9: 18431 | C9: SevenC - HP ProBook 450 G4 Laptop (JN) | D9: 10078.8 | G9: =+D9+E9-F9 -> 10078.8 | I9: =+$G9/$H$7/365*(31-31) -> 0 | J9: =+$G9/$H$7/12 -> 279.96667 | K9: =+$G9/$H$7/12 -> 279.96667 | L9: =+$G9/$H$7/12 -> 279.96667 | M9: =+$G9/$H$7/12 -> 279.96667 | N9: =+$G9/$H$7/12 -> 279.96667 | O9: =+$G9/$H$7/12 -> 279.96667 | P9: =+$G9/$H$7/12 -> 279.96667 | Q9: =+$G9/$H$7/12 -> 279.96667 | ... T9: =+$G9/$H$7/12 -> 279.96667 | U9: =SUM(I9:T9) -> 3079.6333 | V9: =U9 -> 3079.6333 | W9: =+G9-V9 -> 6999.1667
A10: 43046 | B10: INA90085 | C10: Heart FM - CBA/Polycom System / VC | D10: 52651 | G10: =+D10+E10-F10 -> 52651 | I10: 0 | J10: 0 | K10: 0 | L10: 0 | M10: 0 | N10: 0 | O10: 0 | P10: 0 | Q10: =+$G10/$H$7/365*(30-7) -> 1105.9114 | R10: =+$G10/$H$7/12 -> 1462.5278 | S10: =+$G10/$H$7/12 -> 1462.5278 | T10: =+$G10/$H$7/12 -> 1462.5278 | U10: =SUM(I10:T10) -> 5493.4947 | V10: =U10 -> 5493.4947 | W10: =+G10-V10 -> 47157.505
D12: =SUM(D6:D11) -> 78807.4 | E12: =SUM(E6:E11) -> 0 | G12: =SUM(G8:G11) -> 78807.4 | I12: =SUM(I8:I11) -> 0 | J12: =SUM(J8:J11) -> 726.56667 | K12: =SUM(K8:K11) -> 726.56667 | L12: =SUM(L8:L11) -> 726.56667 | M12: =SUM(M8:M11) -> 726.56667 | N12: =SUM(N8:N11) -> 726.56667 | O12: =SUM(O8:O11) -> 726.56667 | P12: =SUM(P8:P11) -> 726.56667 | ... W12: =SUM(W8:W11) -> 65321.672
A14: Date | B14: Reference | C14: Description | D14: Cost | E14: Add | F14: Disp | G14: Total | H14: Per | I14: 42825 | J14: 42855 | K14: 42886 | L14: 42916 | M14: 42947 | N14: 42978 | O14: 43008 | P14: 43039 | Q14: 43069 | R14: 43100 | S14: 43131 | T14: 43159 | U14: Depn for Year | V14: Accum Depn | W14: NBV 2018
A15: 6200>020 (Furniture & Fittings>Cost) | H15: 6 | I15: =+A15 -> 6200>020 (Furniture & Fittings>Cost)
A17: 42836 | B17: 30110 | C17: BFS - 15 X Roberto High Back Chairs | D17: 52250 | G17: =+D17+E17-F17 -> 52250 | I17: 0 | J17: =+$G17/$H$15/365*(30-11) -> 453.3105 | K17: =+$G17/$H$15/12 -> 725.69444 | L17: =+$G17/$H$15/12 -> 725.69444 | M17: =+$G17/$H$15/12 -> 725.69444 | N17: =+$G17/$H$15/12 -> 725.69444 | O17: =+$G17/$H$15/12 -> 725.69444 | P17: =+$G17/$H$15/12 -> 725.69444 | Q17: =+$G17/$H$15/12 -> 725.69444 | R17: =+$G17/$H$15/12 -> 725.69444 | ... T17: =+$G17/$H$15/12 -> 725.69444 | U17: =SUM(I17:T17) -> 7710.2549 | V17: =U17 -> 7710.2549 | W17: =+G17-V17 -> 44539.745
D19: =SUM(D15:D18) -> 52250 | E19: =SUM(E15:E18) -> 0 | F19: =SUM(F15:F18) -> 0 | G19: =SUM(D19:F19) -> 52250 | I19: =SUM(I17:I18) -> 0 | J19: =SUM(J17:J18) -> 453.3105 | K19: =SUM(K17:K18) -> 725.69444 | L19: =SUM(L17:L18) -> 725.69444 | M19: =SUM(M17:M18) -> 725.69444 | N19: =SUM(N17:N18) -> 725.69444 | O19: =SUM(O17:O18) -> 725.69444 | P19: =SUM(P17:P18) -> 725.69444 | ... W19: =SUM(W17:W18) -> 44539.745
A21: Date | B21: Reference | C21: Description | D21: Cost | E21: Add | F21: Disp | G21: Total | H21: Per | I21: 42825 | J21: 42855 | K21: 42886 | L21: 42916 | M21: 42947 | N21: 42978 | O21: 43008 | P21: 43039 | Q21: 43069 | R21: 43100 | S21: 43131 | T21: 43159 | U21: Depn for Year | V21: Accum Depn | W21: NBV 2018
A22: 6300>020 (Motor Vehicles>Cost) | H22: 5 | I22: =+A22 -> 6300>020 (Motor Vehicles>Cost)
A24: 42860 | B24: 89009640 | C24: Rivonia Toyota: Corolla Quest 1.6 AT | D24: 255969.92 | G24: =+D24+E24-F24 -> 255969.92 | I24: 0 | J24: 0 | K24: =+$G24/$H$22/365*(31-5) -> 3646.6948 | L24: =+$G24/$H$22/12 -> 4266.1653 | M24: =+$G24/$H$22/12 -> 4266.1653 | N24: =+$G24/$H$22/12 -> 4266.1653 | O24: =+$G24/$H$22/12 -> 4266.1653 | P24: =+$G24/$H$22/12 -> 4266.1653 | Q24: =+$G24/$H$22/12 -> 4266.1653 | R24: =+$G24/$H$22/12 -> 4266.1653 | S24: =+$G24/$H$22/12 -> 4266.1653 | T24: =+$G24/$H$22/12 -> 4266.1653 | U24: =SUM(I24:T24) -> 42042.183 | V24: =U24 -> 42042.183 | W24: =+G24-V24 -> 213927.74
D26: =SUM(D24) -> 255969.92 | E26: =SUM(E24) -> 0 | F26: =SUM(F24) -> 0 | G26: =SUM(D26:F26) -> 255969.92 | I26: =SUM(I24) -> 0 | J26: =SUM(J24) -> 0 | K26: =SUM(K24) -> 3646.6948 | L26: =SUM(L24) -> 4266.1653 | M26: =SUM(M24) -> 4266.1653 | N26: =SUM(N24) -> 4266.1653 | O26: =SUM(O24) -> 4266.1653 | P26: =SUM(P24) -> 4266.1653 | ... W26: =SUM(W24) -> 213927.74
A28: Grand Total | D28: =D12+D19+D26 -> 387027.32 | E28: =E12+E19+E26 -> 0 | F28: =F12+F19+F26 -> 0 | G28: =G12+G19+G26 -> 387027.32 | I28: =I12+I19+I26 -> 0 | J28: =J12+J19+J26 -> 1179.8772 | K28: =K12+K19+K26 -> 5098.9559 | L28: =L12+L19+L26 -> 5718.4264 | M28: =M12+M19+M26 -> 5718.4264 | N28: =N12+N19+N26 -> 5718.4264 | O28: =O12+O19+O26 -> 5718.4264 | P28: =P12+P19+P26 -> 5718.4264 | ... W28: =W12+W19+W26 -> 323789.15

Sheet FAR19
A1: FAR MRC Management Services
A3: Ledger Accounts: MARCH 2018 - FEBRUARY 2019
A4: Date | B4: Reference | C4: Description | D4: Cost (ExVAT) | E4: Additions | F4: Disp | G4: Total | H4: Per | I4: 43190 | J4: 43220 | K4: 43251 | L4: 43281 | M4: 43312 | N4: 43343 | O4: 43373 | P4: 43404 | Q4: 43434 | R4: 43465 | S4: 43496 | T4: 43524 | U4: Depn for Year | V4: Accum Depn | W4: NBV 2019
A6: 6100>020 (Computer Equipment>Cost) | I6: =+A6 -> 6100>020 (Computer Equipment>Cost)
H7: 3
A8: 42825 | B8: 18431 | C8: SevenC - 2 X HP Desktop CPU (AP & EM) | D8: 16077.6 | G8: =+D8+E8-F8 -> 16077.6 | I8: =+$G8/$H$7/12 -> 446.6 | J8: =+$G8/$H$7/12 -> 446.6 | K8: =+$G8/$H$7/12 -> 446.6 | L8: =+$G8/$H$7/12 -> 446.6 | M8: =+$G8/$H$7/12 -> 446.6 | N8: =+$G8/$H$7/12 -> 446.6 | O8: =+$G8/$H$7/12 -> 446.6 | P8: =+$G8/$H$7/12 -> 446.6 | ... T8: =+$G8/$H$7/12 -> 446.6 | U8: =SUM(I8:T8) -> 5359.2 | V8: =U8+'FAR18'!V8 -> 10271.8 | W8: =+G8-V8 -> 5805.8
A9: 42825 | B9: 18431 | C9: SevenC - HP ProBook 450 G4 Laptop (JN) | D9: 10078.8 | G9: =+D9+E9-F9 -> 10078.8 | I9: =+$G9/$H$7/12 -> 279.96667 | J9: =+$G9/$H$7/12 -> 279.96667 | K9: =+$G9/$H$7/12 -> 279.96667 | L9: =+$G9/$H$7/12 -> 279.96667 | M9: =+$G9/$H$7/12 -> 279.96667 | N9: =+$G9/$H$7/12 -> 279.96667 | O9: =+$G9/$H$7/12 -> 279.96667 | P9: =+$G9/$H$7/12 -> 279.96667 | ... T9: =+$G9/$H$7/12 -> 279.96667 | U9: =SUM(I9:T9) -> 3359.6 | V9: =U9+'FAR18'!V9 -> 6439.2333 | W9: =+G9-V9 -> 3639.5667
A10: 43046 | B10: INA90085 | C10: Heart FM - CBA/Polycom System / VC | D10: 52651 | G10: =+D10+E10-F10 -> 52651 | I10: =+$G10/$H$7/12 -> 1462.5278 | J10: =+$G10/$H$7/12 -> 1462.5278 | K10: =+$G10/$H$7/12 -> 1462.5278 | L10: =+$G10/$H$7/12 -> 1462.5278 | M10: =+$G10/$H$7/12 -> 1462.5278 | N10: =+$G10/$H$7/12 -> 1462.5278 | O10: =+$G10/$H$7/12 -> 1462.5278 | P10: =+$G10/$H$7/12 -> 1462.5278 | ... T10: =+$G10/$H$7/12 -> 1462.5278 | U10: =SUM(I10:T10) -> 17550.333 | V10: =U10+'FAR18'!V10 -> 23043.828 | W10: =+G10-V10 -> 29607.172
A11: 43160 | B11: 21643 | C11: SevenC - 6 X HP Desktop & Keyboards | E11: 92322.7 | G11: =+D11+E11-F11 -> 92322.7 | I11: =+$G11/$H$7/12 -> 2564.5194 | J11: =+$G11/$H$7/12 -> 2564.5194 | K11: =+$G11/$H$7/12 -> 2564.5194 | L11: =+$G11/$H$7/12 -> 2564.5194 | M11: =+$G11/$H$7/12 -> 2564.5194 | N11: =+$G11/$H$7/12 -> 2564.5194 | O11: =+$G11/$H$7/12 -> 2564.5194 | P11: =+$G11/$H$7/12 -> 2564.5194 | ... T11: =+$G11/$H$7/12 -> 2564.5194 | U11: =SUM(I11:T11) -> 30774.233 | V11: =U11 -> 30774.233 | W11: =+G11-V11 -> 61548.467
D13: =SUM(D6:D12) -> 78807.4 | E13: =SUM(E6:E12) -> 92322.7 | G13: =SUM(G8:G12) -> 171130.1 | I13: =SUM(I8:I12) -> 4753.6139 | J13: =SUM(J8:J12) -> 4753.6139 | K13: =SUM(K8:K12) -> 4753.6139 | L13: =SUM(L8:L12) -> 4753.6139 | M13: =SUM(M8:M12) -> 4753.6139 | N13: =SUM(N8:N12) -> 4753.6139 | O13: =SUM(O8:O12) -> 4753.6139 | P13: =SUM(P8:P12) -> 4753.6139 | ... W13: =SUM(W8:W12) -> 100601.01
A15: Date | B15: Reference | C15: Description | D15: Cost | E15: Additions | F15: Disp | G15: Total | H15: Per | I15: 43190 | J15: 43220 | K15: 43251 | L15: 43281 | M15: 43312 | N15: 43343 | O15: 43373 | P15: 43404 | Q15: 43434 | R15: 43465 | S15: 43496 | T15: 43524 | U15: Depn for Year | V15: Accum Depn | W15: NBV 2019
A16: 6200>020 (Furniture & Fittings>Cost) | H16: 6 | I16: =+A16 -> 6200>020 (Furniture & Fittings>Cost)
A18: 42836 | B18: 30110 | C18: BFS - 15 X Roberto High Back Chairs | D18: 52250 | G18: =+D18+E18-F18 -> 52250 | I18: =+$G18/$H$16/12 -> 725.69444 | J18: =+$G18/$H$16/12 -> 725.69444 | K18: =+$G18/$H$16/12 -> 725.69444 | L18: =+$G18/$H$16/12 -> 725.69444 | M18: =+$G18/$H$16/12 -> 725.69444 | N18: =+$G18/$H$16/12 -> 725.69444 | O18: =+$G18/$H$16/12 -> 725.69444 | P18: =+$G18/$H$16/12 -> 725.69444 | ... T18: =+$G18/$H$16/12 -> 725.69444 | U18: =SUM(I18:T18) -> 8708.3333 | V18: =U18+'FAR18'!V17 -> 16418.588 | W18: =+G18-V18 -> 35831.412
A19: 43165 | B19: Piyox-TV | C19: Boardroom TV - Samsung 75" UHD | E19: 44144 | G19: =+D19+E19-F19 -> 44144 | I19: =+$G19/$H$16/365*(31-6) -> 503.92694 | J19: =+$G19/$H$16/12 -> 613.11111 | K19: =+$G19/$H$16/12 -> 613.11111 | L19: =+$G19/$H$16/12 -> 613.11111 | M19: =+$G19/$H$16/12 -> 613.11111 | N19: =+$G19/$H$16/12 -> 613.11111 | O19: =+$G19/$H$16/12 -> 613.11111 | P19: =+$G19/$H$16/12 -> 613.11111 | Q19: =+$G19/$H$16/12 -> 613.11111 | ... T19: =+$G19/$H$16/12 -> 613.11111 | U19: =SUM(I19:T19) -> 7248.1492 | V19: =U19 -> 7248.1492 | W19: =+G19-V19 -> 36895.851
A20: 43179 | B20: 32006 | C20: BFS - 5 X Roberto High Back Chairs | E20: =9715*2 -> 19430 | G20: =+D20+E20-F20 -> 19430 | I20: =+$G20/$H$16/365*(31-20) -> 97.593607 | J20: =+$G20/$H$16/12 -> 269.86111 | K20: =+$G20/$H$16/12 -> 269.86111 | L20: =+$G20/$H$16/12 -> 269.86111 | M20: =+$G20/$H$16/12 -> 269.86111 | N20: =+$G20/$H$16/12 -> 269.86111 | O20: =+$G20/$H$16/12 -> 269.86111 | P20: =+$G20/$H$16/12 -> 269.86111 | Q20: =+$G20/$H$16/12 -> 269.86111 | ... T20: =+$G20/$H$16/12 -> 269.86111 | U20: =SUM(I20:T20) -> 3066.0658 | V20: =U20 -> 3066.0658 | W20: =+G20-V20 -> 16363.934
D22: =SUM(D16:D21) -> 52250 | E22: =SUM(E16:E21) -> 63574 | F22: =SUM(F16:F21) -> 0 | G22: =SUM(D22:F22) -> 115824 | I22: =SUM(I18:I21) -> 1327.215 | J22: =SUM(J18:J21) -> 1608.6667 | K22: =SUM(K18:K21) -> 1608.6667 | L22: =SUM(L18:L21) -> 1608.6667 | M22: =SUM(M18:M21) -> 1608.6667 | N22: =SUM(N18:N21) -> 1608.6667 | O22: =SUM(O18:O21) -> 1608.6667 | P22: =SUM(P18:P21) -> 1608.6667 | ... W22: =SUM(W18:W21) -> 89091.197
A24: Date | B24: Reference | C24: Description | D24: Cost | E24: Additions | F24: Disp | G24: Total | H24: Per | I24: 43190 | J24: 43220 | K24: 43251 | L24: 43281 | M24: 43312 | N24: 43343 | O24: 43373 | P24: 43404 | Q24: 43434 | R24: 43465 | S24: 43496 | T24: 43524 | U24: Depn for Year | V24: Accum Depn | W24: NBV 2019
A25: 6300>020 (Motor Vehicles>Cost) | H25: 5 | I25: =+A25 -> 6300>020 (Motor Vehicles>Cost)
A27: 42860 | B27: 89009640 | C27: Rivonia Toyota: Corolla Quest 1.6 AT | D27: 255969.92 | G27: =+D27+E27-F27 -> 255969.92 | I27: =+$G27/$H$25/12 -> 4266.1653 | J27: =+$G27/$H$25/12 -> 4266.1653 | K27: =+$G27/$H$25/12 -> 4266.1653 | L27: =+$G27/$H$25/12 -> 4266.1653 | M27: =+$G27/$H$25/12 -> 4266.1653 | N27: =+$G27/$H$25/12 -> 4266.1653 | O27: =+$G27/$H$25/12 -> 4266.1653 | P27: =+$G27/$H$25/12 -> 4266.1653 | ... T27: =+$G27/$H$25/12 -> 4266.1653 | U27: =SUM(I27:T27) -> 51193.984 | V27: =U27+'FAR18'!V24 -> 93236.167 | W27: =+G27-V27 -> 162733.75
D29: =SUM(D27) -> 255969.92 | E29: =SUM(E27) -> 0 | F29: =SUM(F27) -> 0 | G29: =SUM(D29:F29) -> 255969.92 | I29: =SUM(I27) -> 4266.1653 | J29: =SUM(J27) -> 4266.1653 | K29: =SUM(K27) -> 4266.1653 | L29: =SUM(L27) -> 4266.1653 | M29: =SUM(M27) -> 4266.1653 | N29: =SUM(N27) -> 4266.1653 | O29: =SUM(O27) -> 4266.1653 | P29: =SUM(P27) -> 4266.1653 | ... W29: =SUM(W27) -> 162733.75
A31: Grand Total | D31: =D13+D22+D29 -> 387027.32 | E31: =E13+E22+E29 -> 155896.7 | F31: =F13+F22+F29 -> 0 | G31: =G13+G22+G29 -> 542924.02 | I31: =I13+I22+I29 -> 10346.994 | J31: =J13+J22+J29 -> 10628.446 | K31: =K13+K22+K29 -> 10628.446 | L31: =L13+L22+L29 -> 10628.446 | M31: =M13+M22+M29 -> 10628.446 | N31: =N13+N22+N29 -> 10628.446 | O31: =O13+O22+O29 -> 10628.446 | P31: =P13+P22+P29 -> 10628.446 | ... W31: =W13+W22+W29 -> 352425.96

Sheet FAR20
A1: FAR MRC Management Services
A3: Ledger Accounts: MARCH 2019 - FEBRUARY 2020
A4: Date | B4: Reference | C4: Description | D4: Cost (ExVAT) | E4: Additions | F4: Disp | G4: Total | H4: Per | I4: 43555 | J4: 43585 | K4: 43616 | L4: 43646 | M4: 43677 | N4: 43708 | O4: 43738 | P4: 43769 | Q4: 43799 | R4: 43830 | S4: 43861 | T4: 43890 | U4: Depn for Year | V4: Accum Depn | W4: NBV 2020
A6: 6100>020 (Computer Equipment>Cost) | I6: =+A6 -> 6100>020 (Computer Equipment>Cost)
H7: 3
A8: 42825 | B8: 18431 | C8: SevenC - 2 X HP Desktop CPU (AP & EM) | D8: ='FAR19'!G8 -> 16077.6 | G8: =+D8+E8-F8 -> 16077.6 | I8: =+$G8/$H$7/12 -> 446.6 | J8: =+$G8/$H$7/12 -> 446.6 | K8: =+$G8/$H$7/12 -> 446.6 | L8: =+$G8/$H$7/12 -> 446.6 | M8: =+$G8/$H$7/12 -> 446.6 | N8: =+$G8/$H$7/12 -> 446.6 | O8: =+$G8/$H$7/12 -> 446.6 | P8: =+$G8/$H$7/12 -> 446.6 | ... T8: =+$G8/$H$7/12 -> 446.6 | U8: =SUM(I8:T8) -> 5359.2 | V8: =U8+'FAR19'!V8 -> 15631 | W8: =+G8-V8 -> 446.6
A9: 42825 | B9: 18431 | C9: SevenC - HP ProBook 450 G4 Laptop (JN) | D9: ='FAR19'!G9 -> 10078.8 | G9: =+D9+E9-F9 -> 10078.8 | I9: =+$G9/$H$7/12 -> 279.96667 | J9: =+$G9/$H$7/12 -> 279.96667 | K9: =+$G9/$H$7/12 -> 279.96667 | L9: =+$G9/$H$7/12 -> 279.96667 | M9: =+$G9/$H$7/12 -> 279.96667 | N9: =+$G9/$H$7/12 -> 279.96667 | O9: =+$G9/$H$7/12 -> 279.96667 | P9: =+$G9/$H$7/12 -> 279.96667 | ... T9: =+$G9/$H$7/12 -> 279.96667 | U9: =SUM(I9:T9) -> 3359.6 | V9: =U9+'FAR19'!V9 -> 9798.8333 | W9: =+G9-V9 -> 279.96667
A10: 43046 | B10: INA90085 | C10: Heart FM - CBA/Polycom System / VC | D10: ='FAR19'!G10 -> 52651 | G10: =+D10+E10-F10 -> 52651 | I10: =+$G10/$H$7/12 -> 1462.5278 | J10: =+$G10/$H$7/12 -> 1462.5278 | K10: =+$G10/$H$7/12 -> 1462.5278 | L10: =+$G10/$H$7/12 -> 1462.5278 | M10: =+$G10/$H$7/12 -> 1462.5278 | N10: =+$G10/$H$7/12 -> 1462.5278 | O10: =+$G10/$H$7/12 -> 1462.5278 | P10: =+$G10/$H$7/12 -> 1462.5278 | ... T10: =+$G10/$H$7/12 -> 1462.5278 | U10: =SUM(I10:T10) -> 17550.333 | V10: =U10+'FAR19'!V10 -> 40594.161 | W10: =+G10-V10 -> 12056.839
A11: 43160 | B11: 21643 | C11: SevenC - 6 X HP Desktop & Keyboards | D11: ='FAR19'!G11 -> 92322.7 | G11: =+D11+E11-F11 -> 92322.7 | I11: =+$G11/$H$7/12 -> 2564.5194 | J11: =+$G11/$H$7/12 -> 2564.5194 | K11: =+$G11/$H$7/12 -> 2564.5194 | L11: =+$G11/$H$7/12 -> 2564.5194 | M11: =+$G11/$H$7/12 -> 2564.5194 | N11: =+$G11/$H$7/12 -> 2564.5194 | O11: =+$G11/$H$7/12 -> 2564.5194 | P11: =+$G11/$H$7/12 -> 2564.5194 | ... T11: =+$G11/$H$7/12 -> 2564.5194 | U11: =SUM(I11:T11) -> 30774.233 | V11: =U11+'FAR19'!V11 -> 61548.467 | W11: =+G11-V11 -> 30774.233
D13: =SUM(D6:D12) -> 171130.1 | E13: =SUM(E6:E12) -> 0 | G13: =SUM(G8:G12) -> 171130.1 | I13: =SUM(I8:I12) -> 4753.6139 | J13: =SUM(J8:J12) -> 4753.6139 | K13: =SUM(K8:K12) -> 4753.6139 | L13: =SUM(L8:L12) -> 4753.6139 | M13: =SUM(M8:M12) -> 4753.6139 | N13: =SUM(N8:N12) -> 4753.6139 | O13: =SUM(O8:O12) -> 4753.6139 | P13: =SUM(P8:P12) -> 4753.6139 | ... W13: =SUM(W8:W12) -> 43557.639
A15: Date | B15: Reference | C15: Description | D15: Cost | E15: Additions | F15: Disp | G15: Total | H15: Per | I15: 43555 | J15: 43585 | K15: 43616 | L15: 43646 | M15: 43677 | N15: 43708 | O15: 43738 | P15: 43769 | Q15: 43799 | R15: 43830 | S15: 43861 | T15: 43890 | U15: Depn for Year | V15: Accum Depn | W15: NBV 2020
A16: 6200>020 (Furniture & Fittings>Cost) | H16: 6 | I16: =+A16 -> 6200>020 (Furniture & Fittings>Cost)
A18: 42836 | B18: 30110 | C18: BFS - 15 X Roberto High Back Chairs | D18: ='FAR19'!G18 -> 52250 | G18: =+D18+E18-F18 -> 52250 | I18: =+$G18/$H$16/12 -> 725.69444 | J18: =+$G18/$H$16/12 -> 725.69444 | K18: =+$G18/$H$16/12 -> 725.69444 | L18: =+$G18/$H$16/12 -> 725.69444 | M18: =+$G18/$H$16/12 -> 725.69444 | N18: =+$G18/$H$16/12 -> 725.69444 | O18: =+$G18/$H$16/12 -> 725.69444 | P18: =+$G18/$H$16/12 -> 725.69444 | ... T18: =+$G18/$H$16/12 -> 725.69444 | U18: =SUM(I18:T18) -> 8708.3333 | V18: =U18+'FAR19'!V18 -> 25126.922 | W18: =+G18-V18 -> 27123.078
A19: 43165 | B19: Piyox-TV | C19: Boardroom TV - Samsung 75" UHD | D19: ='FAR19'!G19 -> 44144 | G19: =+D19+E19-F19 -> 44144 | I19: =+$G19/$H$16/12 -> 613.11111 | J19: =+$G19/$H$16/12 -> 613.11111 | K19: =+$G19/$H$16/12 -> 613.11111 | L19: =+$G19/$H$16/12 -> 613.11111 | M19: =+$G19/$H$16/12 -> 613.11111 | N19: =+$G19/$H$16/12 -> 613.11111 | O19: =+$G19/$H$16/12 -> 613.11111 | P19: =+$G19/$H$16/12 -> 613.11111 | ... T19: =+$G19/$H$16/12 -> 613.11111 | U19: =SUM(I19:T19) -> 7357.3333 | V19: =U19+'FAR19'!V19 -> 14605.483 | W19: =+G19-V19 -> 29538.518
A20: 43179 | B20: 32006 | C20: BFS - 5 X Roberto High Back Chairs | D20: ='FAR19'!G20 -> 19430 | G20: =+D20+E20-F20 -> 19430 | I20: =+$G20/$H$16/12 -> 269.86111 | J20: =+$G20/$H$16/12 -> 269.86111 | K20: =+$G20/$H$16/12 -> 269.86111 | L20: =+$G20/$H$16/12 -> 269.86111 | M20: =+$G20/$H$16/12 -> 269.86111 | N20: =+$G20/$H$16/12 -> 269.86111 | O20: =+$G20/$H$16/12 -> 269.86111 | P20: =+$G20/$H$16/12 -> 269.86111 | ... T20: =+$G20/$H$16/12 -> 269.86111 | U20: =SUM(I20:T20) -> 3238.3333 | V20: =U20+'FAR19'!V20 -> 6304.3992 | W20: =+G20-V20 -> 13125.601
A21: 43578 | B21: INV00651 | C21: C & D Design - Boardroom Table | E21: 26544 | G21: =+D21+E21-F21 -> 26544 | J21: =+$G21/$H$16/365*(30-23) -> 84.843836 | K21: =+$G21/$H$16/12 -> 368.66667 | L21: =+$G21/$H$16/12 -> 368.66667 | M21: =+$G21/$H$16/12 -> 368.66667 | N21: =+$G21/$H$16/12 -> 368.66667 | O21: =+$G21/$H$16/12 -> 368.66667 | P21: =+$G21/$H$16/12 -> 368.66667 | Q21: =+$G21/$H$16/12 -> 368.66667 | R21: =+$G21/$H$16/12 -> 368.66667 | ... T21: =+$G21/$H$16/12 -> 368.66667 | U21: =SUM(I21:T21) -> 3771.5105 | V21: =U21+'FAR19'!V21 -> 3771.5105 | W21: =+G21-V21 -> 22772.489
A22: 43710 | B22: 34825 | C22: BFS - 4 X Roberto High Back Chairs | E22: =15064+703 -> 15767 | G22: =+D22+E22-F22 -> 15767 | O22: =+$G22/$H$16/12 -> 218.98611 | P22: =+$G22/$H$16/12 -> 218.98611 | Q22: =+$G22/$H$16/12 -> 218.98611 | R22: =+$G22/$H$16/12 -> 218.98611 | S22: =+$G22/$H$16/12 -> 218.98611 | T22: =+$G22/$H$16/12 -> 218.98611 | U22: =SUM(I22:T22) -> 1313.9167 | V22: =U22 -> 1313.9167 | W22: =+G22-V22 -> 14453.083
A23: 43710 | B23: 34825 | C23: BFS - 10 X Pasquale Visitors Arm Chairs | E23: =24500+1147 -> 25647 | G23: =+D23+E23-F23 -> 25647 | O23: =+$G23/$H$16/12 -> 356.20833 | P23: =+$G23/$H$16/12 -> 356.20833 | Q23: =+$G23/$H$16/12 -> 356.20833 | R23: =+$G23/$H$16/12 -> 356.20833 | S23: =+$G23/$H$16/12 -> 356.20833 | T23: =+$G23/$H$16/12 -> 356.20833 | U23: =SUM(I23:T23) -> 2137.25 | V23: =U23 -> 2137.25 | W23: =+G23-V23 -> 23509.75
D25: =SUM(D16:D24) -> 115824 | E25: =SUM(E16:E24) -> 67958 | F25: =SUM(F16:F23) -> 0 | G25: =SUM(D25:F25) -> 183782 | I25: =SUM(I18:I24) -> 1608.6667 | J25: =SUM(J18:J24) -> 1693.5105 | K25: =SUM(K18:K24) -> 1977.3333 | L25: =SUM(L18:L24) -> 1977.3333 | M25: =SUM(M18:M24) -> 1977.3333 | N25: =SUM(N18:N24) -> 1977.3333 | O25: =SUM(O18:O24) -> 2552.5278 | P25: =SUM(P18:P24) -> 2552.5278 | ... W25: =SUM(W18:W24) -> 130522.52
A27: Date | B27: Reference | C27: Description | D27: Cost | E27: Additions | F27: Disp | G27: Total | H27: Per | I27: 43555 | J27: 43585 | K27: 43616 | L27: 43646 | M27: 43677 | N27: 43708 | O27: 43738 | P27: 43769 | Q27: 43799 | R27: 43830 | S27: 43861 | T27: 43890 | U27: Depn for Year | V27: Accum Depn | W27: NBV 2020
A28: 6300>020 (Motor Vehicles>Cost) | H28: 5 | I28: =+A28 -> 6300>020 (Motor Vehicles>Cost)
A30: 42860 | B30: 89009640 | C30: Rivonia Toyota: Corolla Quest 1.6 AT | D30: 255969.92 | G30: =+D30+E30-F30 -> 255969.92 | I30: =+$G30/$H$28/12 -> 4266.1653 | J30: =+$G30/$H$28/12 -> 4266.1653 | K30: =+$G30/$H$28/12 -> 4266.1653 | L30: =+$G30/$H$28/12 -> 4266.1653 | M30: =+$G30/$H$28/12 -> 4266.1653 | N30: =+$G30/$H$28/12 -> 4266.1653 | O30: =+$G30/$H$28/12 -> 4266.1653 | P30: =+$G30/$H$28/12 -> 4266.1653 | ... T30: =+$G30/$H$28/12 -> 4266.1653 | U30: =SUM(I30:T30) -> 51193.984 | V30: =U30+'FAR19'!V27 -> 144430.15 | W30: =+G30-V30 -> 111539.77
D32: =SUM(D30) -> 255969.92 | E32: =SUM(E30) -> 0 | F32: =SUM(F30) -> 0 | G32: =SUM(D32:F32) -> 255969.92 | I32: =SUM(I30) -> 4266.1653 | J32: =SUM(J30) -> 4266.1653 | K32: =SUM(K30) -> 4266.1653 | L32: =SUM(L30) -> 4266.1653 | M32: =SUM(M30) -> 4266.1653 | N32: =SUM(N30) -> 4266.1653 | O32: =SUM(O30) -> 4266.1653 | P32: =SUM(P30) -> 4266.1653 | ... W32: =SUM(W30) -> 111539.77
A34: Grand Total | D34: =D13+D25+D32 -> 542924.02 | E34: =E13+E25+E32 -> 67958 | F34: =F13+F25+F32 -> 0 | G34: =G13+G25+G32 -> 610882.02 | I34: =I13+I25+I32 -> 10628.446 | J34: =J13+J25+J32 -> 10713.29 | K34: =K13+K25+K32 -> 10997.113 | L34: =L13+L25+L32 -> 10997.113 | M34: =M13+M25+M32 -> 10997.113 | N34: =N13+N25+N32 -> 10997.113 | O34: =O13+O25+O32 -> 11572.307 | P34: =P13+P25+P32 -> 11572.307 | ... W34: =W13+W25+W32 -> 285619.93
U36: ='FAR19'!W31-'FAR20'!W34 -> 66806.028 | V36: NBV 2020 less NBV 2019
U37: =U34 -> 134764.03 | V37: Depr for a year
U38: =-E34 -> -67958 | V38: Additional assets
U39: =SUM(U37:U38) -> 66806.028

Sheet FAR21
A1: FAR MRC Management Services
A3: Ledger Accounts: MARCH 2020 - FEBRUARY 2021
A4: Date | B4: Reference | C4: Description | D4: Cost (ExVAT) | E4: Additions | F4: Disp | G4: Total | H4: Per | I4: 43921 | J4: 43951 | K4: 43982 | L4: 44012 | M4: 44043 | N4: 44074 | O4: 44104 | P4: 44135 | Q4: 44165 | R4: 44196 | S4: 44227 | T4: 44255 | U4: Depn for Year | V4: Accum Depn | W4: NBV 2021
A6: 6100>020 (Computer Equipment>Cost) | I6: =+A6 -> 6100>020 (Computer Equipment>Cost)
H7: 3
A8: 42825 | B8: 18431 | C8: SevenC - 2 X HP Desktop CPU (AP & EM) | D8: ='FAR20'!D8 -> 16077.6 | G8: =+D8+E8-F8 -> 16077.6 | I8: =+$G8/$H$7/12 -> 446.6 | U8: =SUM(I8:T8) -> 446.6 | V8: ='FAR20'!V8+U8 -> 16077.6 | W8: =+G8-V8 -> 0
A9: 42825 | B9: 18431 | C9: SevenC - HP ProBook 450 G4 Laptop (JN) | D9: ='FAR20'!D9 -> 10078.8 | G9: =+D9+E9-F9 -> 10078.8 | I9: =+$G9/$H$7/12 -> 279.96667 | U9: =SUM(I9:T9) -> 279.96667 | V9: ='FAR20'!V9+U9 -> 10078.8 | W9: =+G9-V9 -> 0
A10: 43046 | B10: INA90085 | C10: Heart FM - CBA/Polycom System / VC | D10: ='FAR20'!D10 -> 52651 | G10: =+D10+E10-F10 -> 52651 | I10: =+$G10/$H$7/12 -> 1462.5278 | J10: =+$G10/$H$7/12 -> 1462.5278 | K10: =+$G10/$H$7/12 -> 1462.5278 | L10: =+$G10/$H$7/12 -> 1462.5278 | M10: =+$G10/$H$7/12 -> 1462.5278 | N10: =+$G10/$H$7/12 -> 1462.5278 | O10: =+$G10/$H$7/12 -> 1462.5278 | P10: =+$G10/$H$7/12 -> 1462.5278 | Q10: 356.62 | U10: =SUM(I10:T10) -> 12056.842 | V10: ='FAR20'!V10+U10 -> 52651.004 | W10: =+G10-V10 -> -0.0036377473
A11: 43160 | B11: 21643 | C11: SevenC - 6 X HP Desktop & Keyboards | D11: ='FAR20'!D11 -> 92322.7 | G11: =+D11+E11-F11 -> 92322.7 | I11: =+$G11/$H$7/12 -> 2564.5194 | J11: =+$G11/$H$7/12 -> 2564.5194 | K11: =+$G11/$H$7/12 -> 2564.5194 | L11: =+$G11/$H$7/12 -> 2564.5194 | M11: =+$G11/$H$7/12 -> 2564.5194 | N11: =+$G11/$H$7/12 -> 2564.5194 | O11: =+$G11/$H$7/12 -> 2564.5194 | P11: =+$G11/$H$7/12 -> 2564.5194 | ... T11: =+$G11/$H$7/12 -> 2564.5194 | U11: =SUM(I11:T11) -> 30774.233 | V11: ='FAR20'!V11+U11 -> 92322.7 | W11: =+G11-V11 -> 0
A12: 44509 | B12: INV33588 | C12: SevenC - Server: Dell PowerEdge R440 | E12: 92565.27 | G12: =+D12+E12-F12 -> 92565.27 | I12: 0 | J12: 0 | K12: 0 | L12: 0 | M12: 0 | N12: 0 | O12: 0 | P12: 0 | Q12: 0 | R12: 0 | S12: 0 | T12: 0 | U12: =SUM(I12:T12) -> 0 | V12: ='FAR20'!V12+U12 -> 0 | W12: =+G12-V12 -> 92565.27
A13: (Brought to use in March 21)
D14: =SUM(D6:D13) -> 171130.1 | E14: =SUM(E6:E13) -> 92565.27 | G14: =SUM(G8:G13) -> 263695.37 | I14: =SUM(I8:I13) -> 4753.6139 | J14: =SUM(J8:J13) -> 4027.0472 | K14: =SUM(K8:K13) -> 4027.0472 | L14: =SUM(L8:L13) -> 4027.0472 | M14: =SUM(M8:M13) -> 4027.0472 | N14: =SUM(N8:N13) -> 4027.0472 | O14: =SUM(O8:O13) -> 4027.0472 | P14: =SUM(P8:P13) -> 4027.0472 | ... W14: =SUM(W8:W13) -> 92565.266
A16: Date | B16: Reference | C16: Description | D16: Cost | E16: Additions | F16: Disp | G16: Total | H16: Per | I16: 43921 | J16: 43951 | K16: 43982 | L16: 44012 | M16: 44043 | N16: 44074 | O16: 44104 | P16: 44135 | Q16: 44165 | R16: 44196 | S16: 44227 | T16: 44255 | U16: Depn for Year | V16: Accum Depn | W16: NBV 2021
A17: 6200>020 (Furniture & Fittings>Cost) | H17: 6 | I17: =+A17 -> 6200>020 (Furniture & Fittings>Cost)
A19: 42836 | B19: 30110 | C19: BFS - 15 X Roberto High Back Chairs | D19: ='FAR20'!G18 -> 52250 | G19: =+D19+E19-F19 -> 52250 | I19: =+$G19/$H$17/12 -> 725.69444 | J19: =+$G19/$H$17/12 -> 725.69444 | K19: =+$G19/$H$17/12 -> 725.69444 | L19: =+$G19/$H$17/12 -> 725.69444 | M19: =+$G19/$H$17/12 -> 725.69444 | N19: =+$G19/$H$17/12 -> 725.69444 | O19: =+$G19/$H$17/12 -> 725.69444 | P19: =+$G19/$H$17/12 -> 725.69444 | ... T19: =+$G19/$H$17/12 -> 725.69444 | U19: =SUM(I19:T19) -> 8708.3333 | V19: ='FAR20'!V18+U19 -> 33835.255 | W19: =+G19-V19 -> 18414.745
A20: 43165 | B20: Piyox-TV | C20: Boardroom TV - Samsung 75" UHD | D20: ='FAR20'!G19 -> 44144 | G20: =+D20+E20-F20 -> 44144 | I20: =+$G20/$H$17/12 -> 613.11111 | J20: =+$G20/$H$17/12 -> 613.11111 | K20: =+$G20/$H$17/12 -> 613.11111 | L20: =+$G20/$H$17/12 -> 613.11111 | M20: =+$G20/$H$17/12 -> 613.11111 | N20: =+$G20/$H$17/12 -> 613.11111 | O20: =+$G20/$H$17/12 -> 613.11111 | P20: =+$G20/$H$17/12 -> 613.11111 | ... T20: =+$G20/$H$17/12 -> 613.11111 | U20: =SUM(I20:T20) -> 7357.3333 | V20: ='FAR20'!V19+U20 -> 21962.816 | W20: =+G20-V20 -> 22181.184
A21: 43179 | B21: 32006 | C21: BFS - 5 X Roberto High Back Chairs | D21: ='FAR20'!G20 -> 19430 | G21: =+D21+E21-F21 -> 19430 | I21: =+$G21/$H$17/12 -> 269.86111 | J21: =+$G21/$H$17/12 -> 269.86111 | K21: =+$G21/$H$17/12 -> 269.86111 | L21: =+$G21/$H$17/12 -> 269.86111 | M21: =+$G21/$H$17/12 -> 269.86111 | N21: =+$G21/$H$17/12 -> 269.86111 | O21: =+$G21/$H$17/12 -> 269.86111 | P21: =+$G21/$H$17/12 -> 269.86111 | ... T21: =+$G21/$H$17/12 -> 269.86111 | U21: =SUM(I21:T21) -> 3238.3333 | V21: ='FAR20'!V20+U21 -> 9542.7325 | W21: =+G21-V21 -> 9887.2675
A22: 43578 | B22: INV00651 | C22: C & D Design - Boardroom Table | D22: ='FAR20'!G21 -> 26544 | G22: =+D22+E22-F22 -> 26544 | I22: =+$G22/$H$17/12 -> 368.66667 | J22: =+$G22/$H$17/12 -> 368.66667 | K22: =+$G22/$H$17/12 -> 368.66667 | L22: =+$G22/$H$17/12 -> 368.66667 | M22: =+$G22/$H$17/12 -> 368.66667 | N22: =+$G22/$H$17/12 -> 368.66667 | O22: =+$G22/$H$17/12 -> 368.66667 | P22: =+$G22/$H$17/12 -> 368.66667 | ... T22: =+$G22/$H$17/12 -> 368.66667 | U22: =SUM(I22:T22) -> 4424 | V22: ='FAR20'!V21+U22 -> 8195.5105 | W22: =+G22-V22 -> 18348.489
A23: 43710 | B23: 34825 | C23: BFS - 4 X Roberto High Back Chairs | D23: ='FAR20'!G22 -> 15767 | G23: =+D23+E23-F23 -> 15767 | I23: =+$G23/$H$17/12 -> 218.98611 | J23: =+$G23/$H$17/12 -> 218.98611 | K23: =+$G23/$H$17/12 -> 218.98611 | L23: =+$G23/$H$17/12 -> 218.98611 | M23: =+$G23/$H$17/12 -> 218.98611 | N23: =+$G23/$H$17/12 -> 218.98611 | O23: =+$G23/$H$17/12 -> 218.98611 | P23: =+$G23/$H$17/12 -> 218.98611 | ... T23: =+$G23/$H$17/12 -> 218.98611 | U23: =SUM(I23:T23) -> 2627.8333 | V23: ='FAR20'!V22+U23 -> 3941.75 | W23: =+G23-V23 -> 11825.25
A24: 43710 | B24: 34825 | C24: BFS - 10 X Pasquale Visitors Arm Chairs | D24: ='FAR20'!G23 -> 25647 | G24: =+D24+E24-F24 -> 25647 | I24: =+$G24/$H$17/12 -> 356.20833 | J24: =+$G24/$H$17/12 -> 356.20833 | K24: =+$G24/$H$17/12 -> 356.20833 | L24: =+$G24/$H$17/12 -> 356.20833 | M24: =+$G24/$H$17/12 -> 356.20833 | N24: =+$G24/$H$17/12 -> 356.20833 | O24: =+$G24/$H$17/12 -> 356.20833 | P24: =+$G24/$H$17/12 -> 356.20833 | ... T24: =+$G24/$H$17/12 -> 356.20833 | U24: =SUM(I24:T24) -> 4274.5 | V24: ='FAR20'!V23+U24 -> 6411.75 | W24: =+G24-V24 -> 19235.25
D26: =SUM(D17:D25) -> 183782 | E26: =SUM(E17:E25) -> 0 | F26: =SUM(F17:F24) -> 0 | G26: =SUM(D26:F26) -> 183782 | I26: =SUM(I19:I25) -> 2552.5278 | J26: =SUM(J19:J25) -> 2552.5278 | K26: =SUM(K19:K25) -> 2552.5278 | L26: =SUM(L19:L25) -> 2552.5278 | M26: =SUM(M19:M25) -> 2552.5278 | N26: =SUM(N19:N25) -> 2552.5278 | O26: =SUM(O19:O25) -> 2552.5278 | P26: =SUM(P19:P25) -> 2552.5278 | ... W26: =SUM(W19:W25) -> 99892.186
A28: Date | B28: Reference | C28: Description | D28: Cost | E28: Additions | F28: Disp | G28: Total | H28: Per | I28: 43921 | J28: 43951 | K28: 43982 | L28: 44012 | M28: 44043 | N28: 44074 | O28: 44104 | P28: 44135 | Q28: 44165 | R28: 44196 | S28: 44227 | T28: 44255 | U28: Depn for Year | V28: Accum Depn | W28: NBV 2021
A29: 6300>020 (Motor Vehicles>Cost) | H29: 5 | I29: =+A29 -> 6300>020 (Motor Vehicles>Cost)
A31: 42860 | B31: 89009640 | C31: Rivonia Toyota: Corolla Quest 1.6 AT | D31: 255969.92 | G31: =+D31+E31-F31 -> 255969.92 | I31: =+$G31/$H$29/12 -> 4266.1653 | J31: =+$G31/$H$29/12 -> 4266.1653 | K31: =+$G31/$H$29/12 -> 4266.1653 | L31: =+$G31/$H$29/12 -> 4266.1653 | M31: =+$G31/$H$29/12 -> 4266.1653 | N31: =+$G31/$H$29/12 -> 4266.1653 | O31: =+$G31/$H$29/12 -> 4266.1653 | P31: =+$G31/$H$29/12 -> 4266.1653 | ... T31: =+$G31/$H$29/12 -> 4266.1653 | U31: =SUM(I31:T31) -> 51193.984 | V31: =U31+'FAR20'!V30 -> 195624.13 | W31: =+G31-V31 -> 60345.785
D33: =SUM(D31) -> 255969.92 | E33: =SUM(E31) -> 0 | F33: =SUM(F31) -> 0 | G33: =SUM(D33:F33) -> 255969.92 | I33: =SUM(I31) -> 4266.1653 | J33: =SUM(J31) -> 4266.1653 | K33: =SUM(K31) -> 4266.1653 | L33: =SUM(L31) -> 4266.1653 | M33: =SUM(M31) -> 4266.1653 | N33: =SUM(N31) -> 4266.1653 | O33: =SUM(O31) -> 4266.1653 | P33: =SUM(P31) -> 4266.1653 | ... W33: =SUM(W31) -> 60345.785
A35: Grand Total | D35: =D14+D26+D33 -> 610882.02 | E35: =E14+E26+E33 -> 92565.27 | F35: =F14+F26+F33 -> 0 | G35: =G14+G26+G33 -> 703447.29 | I35: =I14+I26+I33 -> 11572.307 | J35: =J14+J26+J33 -> 10845.74 | K35: =K14+K26+K33 -> 10845.74 | L35: =L14+L26+L33 -> 10845.74 | M35: =M14+M26+M33 -> 10845.74 | N35: =N14+N26+N33 -> 10845.74 | O35: =O14+O26+O33 -> 10845.74 | P35: =P14+P26+P33 -> 10845.74 | ... W35: =W14+W26+W33 -> 252803.24

Sheet FAR22
A1: FAR MRC Management Services
A3: Ledger Accounts: MARCH 2021 - FEBRUARY 2022
A4: Date | B4: Reference | C4: Description | D4: Cost (ExVAT) | E4: Additions | F4: Disp | G4: Total | H4: Per | I4: 44286 | J4: 44316 | K4: 44347 | L4: 44377 | M4: 44408 | N4: 44439 | O4: 44469 | P4: 44500 | Q4: 44530 | R4: 44561 | S4: 44592 | T4: 44620 | U4: Depn for Year | V4: Accum Depn | W4: NBV 2022
A6: 6100>020 (Computer Equipment>Cost) | I6: =+A6 -> 6100>020 (Computer Equipment>Cost)
H7: 3
A8: 42825 | B8: 18431 | C8: SevenC - 2 X HP Desktop CPU (AP & EM) | D8: ='FAR21'!G8 -> 16077.6 | G8: =+D8+E8-F8 -> 16077.6 | I8: 0 | J8: 0 | K8: 0 | L8: 0 | M8: 0 | N8: 0 | O8: 0 | P8: 0 | Q8: 0 | R8: 0 | S8: 0 | T8: 0 | U8: =SUM(I8:T8) -> 0 | V8: ='FAR21'!V8+U8 -> 16077.6 | W8: =+G8-V8 -> 0
A9: 42825 | B9: 18431 | C9: SevenC - HP ProBook 450 G4 Laptop (JN) | D9: ='FAR21'!G9 -> 10078.8 | G9: =+D9+E9-F9 -> 10078.8 | I9: 0 | J9: 0 | K9: 0 | L9: 0 | M9: 0 | N9: 0 | O9: 0 | P9: 0 | Q9: 0 | R9: 0 | S9: 0 | T9: 0 | U9: =SUM(I9:T9) -> 0 | V9: ='FAR21'!V9+U9 -> 10078.8 | W9: =+G9-V9 -> 0
A10: 43046 | B10: INA90085 | C10: Heart FM - CBA/Polycom System / VC | D10: ='FAR21'!G10 -> 52651 | G10: =+D10+E10-F10 -> 52651 | I10: 0 | J10: 0 | K10: 0 | L10: 0 | M10: 0 | N10: 0 | O10: 0 | P10: 0 | Q10: 0 | R10: 0 | S10: 0 | T10: 0 | U10: =SUM(I10:T10) -> 0 | V10: ='FAR21'!V10+U10 -> 52651.004 | W10: =+G10-V10 -> -0.0036377473
A11: 43160 | B11: 21643 | C11: SevenC - 6 X HP Desktop & Keyboards | D11: ='FAR21'!G11 -> 92322.7 | G11: =+D11+E11-F11 -> 92322.7 | I11: 0 | J11: 0 | K11: 0 | L11: 0 | M11: 0 | N11: 0 | O11: 0 | P11: 0 | Q11: 0 | R11: 0 | S11: 0 | T11: 0 | U11: =SUM(I11:T11) -> 0 | V11: ='FAR21'!V11+U11 -> 92322.7 | W11: =+G11-V11 -> 0
A12: 44144 | B12: INV33588 | C12: SevenC - Server: Dell PowerEdge R440 | D12: ='FAR21'!G12 -> 92565.27 | G12: =+D12+E12-F12 -> 92565.27 | I12: =+$G12/$H$7/12 -> 2571.2575 | J12: =+$G12/$H$7/12 -> 2571.2575 | K12: =+$G12/$H$7/12 -> 2571.2575 | L12: =+$G12/$H$7/12 -> 2571.2575 | M12: =+$G12/$H$7/12 -> 2571.2575 | N12: =+$G12/$H$7/12 -> 2571.2575 | O12: =+$G12/$H$7/12 -> 2571.2575 | P12: =+$G12/$H$7/12 -> 2571.2575 | ... T12: =+$G12/$H$7/12 -> 2571.2575 | U12: =SUM(I12:T12) -> 30855.09 | V12: ='FAR21'!V12+U12 -> 30855.09 | W12: =+G12-V12 -> 61710.18
A13: (Brought to used in March 21)
D14: =SUM(D6:D13) -> 263695.37 | E14: =SUM(E6:E13) -> 0 | G14: =SUM(G8:G13) -> 263695.37 | I14: =SUM(I8:I13) -> 2571.2575 | J14: =SUM(J8:J13) -> 2571.2575 | K14: =SUM(K8:K13) -> 2571.2575 | L14: =SUM(L8:L13) -> 2571.2575 | M14: =SUM(M8:M13) -> 2571.2575 | N14: =SUM(N8:N13) -> 2571.2575 | O14: =SUM(O8:O13) -> 2571.2575 | P14: =SUM(P8:P13) -> 2571.2575 | ... W14: =SUM(W8:W13) -> 61710.176
A16: Date | B16: Reference | C16: Description | D16: Cost | E16: Additions | F16: Disp | G16: Total | H16: Per | I16: 44286 | J16: 44316 | K16: 44347 | L16: 44377 | M16: 44408 | N16: 44439 | O16: 44469 | P16: 44500 | Q16: 44530 | R16: 44561 | S16: 44592 | T16: 44255 | U16: Depn for Year | V16: Accum Depn | W16: NBV 2022
A17: 6200>020 (Furniture & Fittings>Cost) | H17: 6 | I17: =+A17 -> 6200>020 (Furniture & Fittings>Cost)
A19: 42836 | B19: 30110 | C19: BFS - 15 X Roberto High Back Chairs | D19: ='FAR21'!G19 -> 52250 | G19: =+D19+E19-F19 -> 52250 | I19: =+$G19/$H$17/12 -> 725.69444 | J19: =+$G19/$H$17/12 -> 725.69444 | K19: =+$G19/$H$17/12 -> 725.69444 | L19: =+$G19/$H$17/12 -> 725.69444 | M19: =+$G19/$H$17/12 -> 725.69444 | N19: =+$G19/$H$17/12 -> 725.69444 | O19: =+$G19/$H$17/12 -> 725.69444 | P19: =+$G19/$H$17/12 -> 725.69444 | ... T19: =+$G19/$H$17/12 -> 725.69444 | U19: =SUM(I19:T19) -> 8708.3333 | V19: ='FAR21'!V19+U19 -> 42543.588 | W19: =+G19-V19 -> 9706.4117
A20: 43165 | B20: Piyox-TV | C20: Boardroom TV - Samsung 75" UHD | D20: ='FAR21'!G20 -> 44144 | G20: =+D20+E20-F20 -> 44144 | I20: =+$G20/$H$17/12 -> 613.11111 | J20: =+$G20/$H$17/12 -> 613.11111 | K20: =+$G20/$H$17/12 -> 613.11111 | L20: =+$G20/$H$17/12 -> 613.11111 | M20: =+$G20/$H$17/12 -> 613.11111 | N20: =+$G20/$H$17/12 -> 613.11111 | O20: =+$G20/$H$17/12 -> 613.11111 | P20: =+$G20/$H$17/12 -> 613.11111 | ... T20: =+$G20/$H$17/12 -> 613.11111 | U20: =SUM(I20:T20) -> 7357.3333 | V20: ='FAR21'!V20+U20 -> 29320.149 | W20: =+G20-V20 -> 14823.851
A21: 43179 | B21: 32006 | C21: BFS - 5 X Roberto High Back Chairs | D21: ='FAR21'!G21 -> 19430 | G21: =+D21+E21-F21 -> 19430 | I21: =+$G21/$H$17/12 -> 269.86111 | J21: =+$G21/$H$17/12 -> 269.86111 | K21: =+$G21/$H$17/12 -> 269.86111 | L21: =+$G21/$H$17/12 -> 269.86111 | M21: =+$G21/$H$17/12 -> 269.86111 | N21: =+$G21/$H$17/12 -> 269.86111 | O21: =+$G21/$H$17/12 -> 269.86111 | P21: =+$G21/$H$17/12 -> 269.86111 | ... T21: =+$G21/$H$17/12 -> 269.86111 | U21: =SUM(I21:T21) -> 3238.3333 | V21: ='FAR21'!V21+U21 -> 12781.066 | W21: =+G21-V21 -> 6648.9342
A22: 43578 | B22: INV00651 | C22: C & D Design - Boardroom Table | D22: ='FAR21'!G22 -> 26544 | G22: =+D22+E22-F22 -> 26544 | I22: =+$G22/$H$17/12 -> 368.66667 | J22: =+$G22/$H$17/12 -> 368.66667 | K22: =+$G22/$H$17/12 -> 368.66667 | L22: =+$G22/$H$17/12 -> 368.66667 | M22: =+$G22/$H$17/12 -> 368.66667 | N22: =+$G22/$H$17/12 -> 368.66667 | O22: =+$G22/$H$17/12 -> 368.66667 | P22: =+$G22/$H$17/12 -> 368.66667 | ... T22: =+$G22/$H$17/12 -> 368.66667 | U22: =SUM(I22:T22) -> 4424 | V22: ='FAR21'!V22+U22 -> 12619.511 | W22: =+G22-V22 -> 13924.489
A23: 43710 | B23: 34825 | C23: BFS - 4 X Roberto High Back Chairs | D23: ='FAR21'!G23 -> 15767 | G23: =+D23+E23-F23 -> 15767 | I23: =+$G23/$H$17/12 -> 218.98611 | J23: =+$G23/$H$17/12 -> 218.98611 | K23: =+$G23/$H$17/12 -> 218.98611 | L23: =+$G23/$H$17/12 -> 218.98611 | M23: =+$G23/$H$17/12 -> 218.98611 | N23: =+$G23/$H$17/12 -> 218.98611 | O23: =+$G23/$H$17/12 -> 218.98611 | P23: =+$G23/$H$17/12 -> 218.98611 | ... T23: =+$G23/$H$17/12 -> 218.98611 | U23: =SUM(I23:T23) -> 2627.8333 | V23: ='FAR21'!V23+U23 -> 6569.5833 | W23: =+G23-V23 -> 9197.4167
A24: 43710 | B24: 34825 | C24: BFS - 10 X Pasquale Visitors Arm Chairs | D24: ='FAR21'!G24 -> 25647 | G24: =+D24+E24-F24 -> 25647 | I24: =+$G24/$H$17/12 -> 356.20833 | J24: =+$G24/$H$17/12 -> 356.20833 | K24: =+$G24/$H$17/12 -> 356.20833 | L24: =+$G24/$H$17/12 -> 356.20833 | M24: =+$G24/$H$17/12 -> 356.20833 | N24: =+$G24/$H$17/12 -> 356.20833 | O24: =+$G24/$H$17/12 -> 356.20833 | P24: =+$G24/$H$17/12 -> 356.20833 | ... T24: =+$G24/$H$17/12 -> 356.20833 | U24: =SUM(I24:T24) -> 4274.5 | V24: ='FAR21'!V24+U24 -> 10686.25 | W24: =+G24-V24 -> 14960.75
D26: =SUM(D17:D25) -> 183782 | E26: =SUM(E17:E25) -> 0 | F26: =SUM(F17:F24) -> 0 | G26: =SUM(D26:F26) -> 183782 | I26: =SUM(I19:I25) -> 2552.5278 | J26: =SUM(J19:J25) -> 2552.5278 | K26: =SUM(K19:K25) -> 2552.5278 | L26: =SUM(L19:L25) -> 2552.5278 | M26: =SUM(M19:M25) -> 2552.5278 | N26: =SUM(N19:N25) -> 2552.5278 | O26: =SUM(O19:O25) -> 2552.5278 | P26: =SUM(P19:P25) -> 2552.5278 | ... W26: =SUM(W19:W25) -> 69261.853
A28: Date | B28: Reference | C28: Description | D28: Cost | E28: Additions | F28: Disp | G28: Total | H28: Per | I28: 44286 | J28: 44316 | K28: 44347 | L28: 44377 | M28: 44408 | N28: 44439 | O28: 44469 | P28: 44500 | Q28: 44530 | R28: 44561 | S28: 44592 | T28: 44620 | U28: Depn for Year | V28: Accum Depn | W28: NBV 2022
A29: 6300>020 (Motor Vehicles>Cost) | H29: 5 | I29: =+A29 -> 6300>020 (Motor Vehicles>Cost)
A31: 42860 | B31: 89009640 | C31: Rivonia Toyota: Corolla Quest 1.6 AT | D31: ='FAR21'!G31 -> 255969.92 | G31: =+D31+E31-F31 -> 255969.92 | I31: =+$G31/$H$29/12 -> 4266.1653 | J31: =+$G31/$H$29/12 -> 4266.1653 | K31: =+$G31/$H$29/12 -> 4266.1653 | L31: =+$G31/$H$29/12 -> 4266.1653 | M31: =+$G31/$H$29/12 -> 4266.1653 | N31: =+$G31/$H$29/12 -> 4266.1653 | O31: =+$G31/$H$29/12 -> 4266.1653 | P31: =+$G31/$H$29/12 -> 4266.1653 | ... T31: =+$G31/$H$29/12 -> 4266.1653 | U31: =SUM(I31:T31) -> 51193.984 | V31: =U31+'FAR21'!V31 -> 246818.12 | W31: =+G31-V31 -> 9151.8012
D33: =SUM(D31) -> 255969.92 | E33: =SUM(E31) -> 0 | F33: =SUM(F31) -> 0 | G33: =SUM(D33:F33) -> 255969.92 | I33: =SUM(I31) -> 4266.1653 | J33: =SUM(J31) -> 4266.1653 | K33: =SUM(K31) -> 4266.1653 | L33: =SUM(L31) -> 4266.1653 | M33: =SUM(M31) -> 4266.1653 | N33: =SUM(N31) -> 4266.1653 | O33: =SUM(O31) -> 4266.1653 | P33: =SUM(P31) -> 4266.1653 | ... W33: =SUM(W31) -> 9151.8012
A35: Grand Total | D35: =D14+D26+D33 -> 703447.29 | E35: =E14+E26+E33 -> 0 | F35: =F14+F26+F33 -> 0 | G35: =G14+G26+G33 -> 703447.29 | I35: =I14+I26+I33 -> 9389.9506 | J35: =J14+J26+J33 -> 9389.9506 | K35: =K14+K26+K33 -> 9389.9506 | L35: =L14+L26+L33 -> 9389.9506 | M35: =M14+M26+M33 -> 9389.9506 | N35: =N14+N26+N33 -> 9389.9506 | O35: =O14+O26+O33 -> 9389.9506 | P35: =P14+P26+P33 -> 9389.9506 | ... W35: =W14+W26+W33 -> 140123.83

Sheet FAR23
A1: FAR MRC Management Services
A3: Ledger Accounts: MARCH 2022 - FEBRUARY 2023
A4: Date | B4: Reference | C4: Description | D4: Cost (ExVAT) | E4: Additions | F4: Disp | G4: Total | H4: Per | I4: 44651 | J4: 44681 | K4: 44712 | L4: 44742 | M4: 44773 | N4: 44804 | O4: 44834 | P4: 44865 | Q4: 44895 | R4: 44926 | S4: 44957 | T4: 44985 | U4: Depn for Year | V4: Accum Depn | W4: NBV 2022
A6: 6100>020 (Computer Equipment>Cost) | I6: =+A6 -> 6100>020 (Computer Equipment>Cost)
H7: 3
A8: 42825 | B8: 18431 | C8: SevenC - 2 X HP Desktop CPU (AP & EM) | D8: ='FAR21'!G8 -> 16077.6 | G8: =+D8+E8-F8 -> 16077.6 | I8: 0 | J8: 0 | K8: 0 | L8: 0 | M8: 0 | N8: 0 | O8: 0 | P8: 0 | Q8: 0 | R8: 0 | S8: 0 | T8: 0 | U8: =SUM(I8:T8) -> 0 | V8: ='FAR21'!V8+U8 -> 16077.6 | W8: =+G8-V8 -> 0
A9: 42825 | B9: 18431 | C9: SevenC - HP ProBook 450 G4 Laptop (JN) | D9: ='FAR21'!G9 -> 10078.8 | G9: =+D9+E9-F9 -> 10078.8 | I9: 0 | J9: 0 | K9: 0 | L9: 0 | M9: 0 | N9: 0 | O9: 0 | P9: 0 | Q9: 0 | R9: 0 | S9: 0 | T9: 0 | U9: =SUM(I9:T9) -> 0 | V9: ='FAR21'!V9+U9 -> 10078.8 | W9: =+G9-V9 -> 0
A10: 43046 | B10: INA90085 | C10: Heart FM - CBA/Polycom System / VC | D10: ='FAR21'!G10 -> 52651 | G10: =+D10+E10-F10 -> 52651 | I10: 0 | J10: 0 | K10: 0 | L10: 0 | M10: 0 | N10: 0 | O10: 0 | P10: 0 | Q10: 0 | R10: 0 | S10: 0 | T10: 0 | U10: =SUM(I10:T10) -> 0 | V10: ='FAR21'!V10+U10 -> 52651.004 | W10: =+G10-V10 -> -0.0036377473
A11: 43160 | B11: 21643 | C11: SevenC - 6 X HP Desktop & Keyboards | D11: ='FAR21'!G11 -> 92322.7 | G11: =+D11+E11-F11 -> 92322.7 | I11: 0 | J11: 0 | K11: 0 | L11: 0 | M11: 0 | N11: 0 | O11: 0 | P11: 0 | Q11: 0 | R11: 0 | S11: 0 | T11: 0 | U11: =SUM(I11:T11) -> 0 | V11: ='FAR21'!V11+U11 -> 92322.7 | W11: =+G11-V11 -> 0
A12: 44144 | B12: INV33588 | C12: SevenC - Server: Dell PowerEdge R440 | D12: ='FAR21'!G12 -> 92565.27 | G12: =+D12+E12-F12 -> 92565.27 | I12: =+$G12/$H$7/12 -> 2571.2575 | J12: =+$G12/$H$7/12 -> 2571.2575 | K12: =+$G12/$H$7/12 -> 2571.2575 | L12: =+$G12/$H$7/12 -> 2571.2575 | M12: =+$G12/$H$7/12 -> 2571.2575 | N12: =+$G12/$H$7/12 -> 2571.2575 | O12: =+$G12/$H$7/12 -> 2571.2575 | P12: =+$G12/$H$7/12 -> 2571.2575 | ... T12: =+$G12/$H$7/12 -> 2571.2575 | U12: =SUM(I12:T12) -> 30855.09 | V12: ='FAR22'!V12+U12 -> 61710.18 | W12: =+G12-V12 -> 30855.09
A13: (Brought to used in March 21)
D14: =SUM(D6:D13) -> 263695.37 | E14: =SUM(E6:E13) -> 0 | G14: =SUM(G8:G13) -> 263695.37 | I14: =SUM(I8:I13) -> 2571.2575 | J14: =SUM(J8:J13) -> 2571.2575 | K14: =SUM(K8:K13) -> 2571.2575 | L14: =SUM(L8:L13) -> 2571.2575 | M14: =SUM(M8:M13) -> 2571.2575 | N14: =SUM(N8:N13) -> 2571.2575 | O14: =SUM(O8:O13) -> 2571.2575 | P14: =SUM(P8:P13) -> 2571.2575 | ... W14: =SUM(W8:W13) -> 30855.086
A16: Date | B16: Reference | C16: Description | D16: Cost | E16: Additions | F16: Disp | G16: Total | H16: Per | I16: 44651 | J16: 44681 | K16: 44712 | L16: 44742 | M16: 44773 | N16: 44804 | O16: 44834 | P16: 44865 | Q16: 44895 | R16: 44926 | S16: 44957 | T16: 44985 | U16: Depn for Year | V16: Accum Depn | W16: NBV 2022
A17: 6200>020 (Furniture & Fittings>Cost) | H17: 6 | I17: =+A17 -> 6200>020 (Furniture & Fittings>Cost)
A19: 42836 | B19: 30110 | C19: BFS - 15 X Roberto High Back Chairs | D19: ='FAR21'!G19 -> 52250 | G19: =+D19+E19-F19 -> 52250 | I19: =+$G19/$H$17/12 -> 725.69444 | J19: =+$G19/$H$17/12 -> 725.69444 | K19: =+$G19/$H$17/12 -> 725.69444 | L19: =+$G19/$H$17/12 -> 725.69444 | M19: =+$G19/$H$17/12 -> 725.69444 | N19: =+$G19/$H$17/12 -> 725.69444 | O19: =+$G19/$H$17/12 -> 725.69444 | P19: =+$G19/$H$17/12 -> 725.69444 | ... T19: =+$G19/$H$17/12 -> 725.69444 | U19: =SUM(I19:T19) -> 8708.3333 | V19: ='FAR22'!V19+U19 -> 51251.922 | W19: =+G19-V19 -> 998.07839
A20: 43165 | B20: Piyox-TV | C20: Boardroom TV - Samsung 75" UHD | D20: ='FAR21'!G20 -> 44144 | G20: =+D20+E20-F20 -> 44144 | I20: =+$G20/$H$17/12 -> 613.11111 | J20: =+$G20/$H$17/12 -> 613.11111 | K20: =+$G20/$H$17/12 -> 613.11111 | L20: =+$G20/$H$17/12 -> 613.11111 | M20: =+$G20/$H$17/12 -> 613.11111 | N20: =+$G20/$H$17/12 -> 613.11111 | O20: =+$G20/$H$17/12 -> 613.11111 | P20: =+$G20/$H$17/12 -> 613.11111 | ... T20: =+$G20/$H$17/12 -> 613.11111 | U20: =SUM(I20:T20) -> 7357.3333 | V20: ='FAR22'!V20+U20 -> 36677.482 | W20: =+G20-V20 -> 7466.5175
A21: 43179 | B21: 32006 | C21: BFS - 5 X Roberto High Back Chairs | D21: ='FAR21'!G21 -> 19430 | G21: =+D21+E21-F21 -> 19430 | I21: =+$G21/$H$17/12 -> 269.86111 | J21: =+$G21/$H$17/12 -> 269.86111 | K21: =+$G21/$H$17/12 -> 269.86111 | L21: =+$G21/$H$17/12 -> 269.86111 | M21: =+$G21/$H$17/12 -> 269.86111 | N21: =+$G21/$H$17/12 -> 269.86111 | O21: =+$G21/$H$17/12 -> 269.86111 | P21: =+$G21/$H$17/12 -> 269.86111 | ... T21: =+$G21/$H$17/12 -> 269.86111 | U21: =SUM(I21:T21) -> 3238.3333 | V21: ='FAR22'!V21+U21 -> 16019.399 | W21: =+G21-V21 -> 3410.6008
A22: 43578 | B22: INV00651 | C22: C & D Design - Boardroom Table | D22: ='FAR21'!G22 -> 26544 | G22: =+D22+E22-F22 -> 26544 | I22: =+$G22/$H$17/12 -> 368.66667 | J22: =+$G22/$H$17/12 -> 368.66667 | K22: =+$G22/$H$17/12 -> 368.66667 | L22: =+$G22/$H$17/12 -> 368.66667 | M22: =+$G22/$H$17/12 -> 368.66667 | N22: =+$G22/$H$17/12 -> 368.66667 | O22: =+$G22/$H$17/12 -> 368.66667 | P22: =+$G22/$H$17/12 -> 368.66667 | ... T22: =+$G22/$H$17/12 -> 368.66667 | U22: =SUM(I22:T22) -> 4424 | V22: ='FAR22'!V22+U22 -> 17043.511 | W22: =+G22-V22 -> 9500.4895
A23: 43710 | B23: 34825 | C23: BFS - 4 X Roberto High Back Chairs | D23: ='FAR21'!G23 -> 15767 | G23: =+D23+E23-F23 -> 15767 | I23: =+$G23/$H$17/12 -> 218.98611 | J23: =+$G23/$H$17/12 -> 218.98611 | K23: =+$G23/$H$17/12 -> 218.98611 | L23: =+$G23/$H$17/12 -> 218.98611 | M23: =+$G23/$H$17/12 -> 218.98611 | N23: =+$G23/$H$17/12 -> 218.98611 | O23: =+$G23/$H$17/12 -> 218.98611 | P23: =+$G23/$H$17/12 -> 218.98611 | ... T23: =+$G23/$H$17/12 -> 218.98611 | U23: =SUM(I23:T23) -> 2627.8333 | V23: ='FAR22'!V23+U23 -> 9197.4167 | W23: =+G23-V23 -> 6569.5833
A24: 43710 | B24: 34825 | C24: BFS - 10 X Pasquale Visitors Arm Chairs | D24: ='FAR21'!G24 -> 25647 | G24: =+D24+E24-F24 -> 25647 | I24: =+$G24/$H$17/12 -> 356.20833 | J24: =+$G24/$H$17/12 -> 356.20833 | K24: =+$G24/$H$17/12 -> 356.20833 | L24: =+$G24/$H$17/12 -> 356.20833 | M24: =+$G24/$H$17/12 -> 356.20833 | N24: =+$G24/$H$17/12 -> 356.20833 | O24: =+$G24/$H$17/12 -> 356.20833 | P24: =+$G24/$H$17/12 -> 356.20833 | ... T24: =+$G24/$H$17/12 -> 356.20833 | U24: =SUM(I24:T24) -> 4274.5 | V24: ='FAR22'!V24+U24 -> 14960.75 | W24: =+G24-V24 -> 10686.25
A25: 44791 | B25: Piyox-TV | C25: Samsung 55" TV - Crystal UHD Smart TV | D25: 13715 | G25: 13715 | I25: 0 | J25: 0 | K25: 0 | L25: 0 | M25: 0 | N25: =+$G25/$H$17/365*(31-18) -> 81.413242 | O25: =+$G25/$H$17/12 -> 190.48611 | P25: =+$G25/$H$17/12 -> 190.48611 | Q25: =+$G25/$H$17/12 -> 190.48611 | R25: =+$G25/$H$17/12 -> 190.48611 | S25: =+$G25/$H$17/12 -> 190.48611 | T25: =+$G25/$H$17/12 -> 190.48611 | U25: =SUM(I25:T25) -> 1224.3299 | V25: =+U25 -> 1224.3299 | W25: =G25-V25 -> 12490.67
D27: =SUM(D17:D26) -> 197497 | E27: =SUM(E17:E26) -> 0 | F27: =SUM(F17:F24) -> 0 | G27: =SUM(D27:F27) -> 197497 | I27: =SUM(I19:I26) -> 2552.5278 | J27: =SUM(J19:J26) -> 2552.5278 | K27: =SUM(K19:K26) -> 2552.5278 | L27: =SUM(L19:L26) -> 2552.5278 | M27: =SUM(M19:M26) -> 2552.5278 | N27: =SUM(N19:N26) -> 2633.941 | O27: =SUM(O19:O26) -> 2743.0139 | P27: =SUM(P19:P26) -> 2743.0139 | ... W27: =SUM(W19:W26) -> 51122.19
A29: Date | B29: Reference | C29: Description | D29: Cost | E29: Additions | F29: Disp | G29: Total | H29: Per | I29: 44651 | J29: 44681 | K29: 44712 | L29: 44742 | M29: 44773 | N29: 44804 | O29: 44834 | P29: 44865 | Q29: 44895 | R29: 44926 | S29: 44957 | T29: 44985 | U29: Depn for Year | V29: Accum Depn | W29: NBV 2022
A30: 6300>020 (Motor Vehicles>Cost) | H30: 5 | I30: =+A30 -> 6300>020 (Motor Vehicles>Cost)
A32: 42860 | B32: 89009640 | C32: Rivonia Toyota: Corolla Quest 1.6 AT | D32: ='FAR21'!G31 -> 255969.92 | G32: =+D32+E32-F32 -> 255969.92 | I32: =+$G32/$H$30/12 -> 4266.1653 | J32: =+$G32/$H$30/12 -> 4266.1653 | K32: 619.47 | L32: 0 | M32: 0 | N32: 0 | O32: 0 | P32: 0 | Q32: 0 | R32: 0 | S32: 0 | T32: 0 | U32: =SUM(I32:T32) -> 9151.8007 | V32: =U32+'FAR22'!V31 -> 255969.92 | W32: =+G32-V32 -> 0.00058264844
D34: =SUM(D32) -> 255969.92 | E34: =SUM(E32) -> 0 | F34: =SUM(F32) -> 0 | G34: =SUM(D34:F34) -> 255969.92 | I34: =SUM(I32) -> 4266.1653 | J34: =SUM(J32) -> 4266.1653 | K34: =SUM(K32) -> 619.47 | L34: =SUM(L32) -> 0 | M34: =SUM(M32) -> 0 | N34: =SUM(N32) -> 0 | O34: =SUM(O32) -> 0 | P34: =SUM(P32) -> 0 | ... W34: =SUM(W32) -> 0.00058264844
A36: Grand Total | D36: =D14+D27+D34 -> 717162.29 | E36: =E14+E27+E34 -> 0 | F36: =F14+F27+F34 -> 0 | G36: =G14+G27+G34 -> 717162.29 | I36: =I14+I27+I34 -> 9389.9506 | J36: =J14+J27+J34 -> 9389.9506 | K36: =K14+K27+K34 -> 5743.2553 | L36: =L14+L27+L34 -> 5123.7853 | M36: =M14+M27+M34 -> 5123.7853 | N36: =N14+N27+N34 -> 5205.1985 | O36: =O14+O27+O34 -> 5314.2714 | P36: =P14+P27+P34 -> 5314.2714 | ... W36: =W14+W27+W34 -> 81977.277

Sheet FAR24
A1: FAR MRC Management Services
A3: Ledger Accounts: MARCH 2023 - FEBRUARY 2024
A4: Date | B4: Reference | C4: Description | D4: Cost (ExVAT) | E4: Additions | F4: Disp | G4: Total | H4: Per | I4: 45016 | J4: 45046 | K4: 45077 | L4: 45107 | M4: 45138 | N4: 45169 | O4: 45199 | P4: 45230 | Q4: 45260 | R4: 45291 | S4: 45322 | T4: 45351 | U4: Depn for Year | V4: Accum Depn | W4: NBV 2022
A6: 6100>020 (Computer Equipment>Cost) | I6: =+A6 -> 6100>020 (Computer Equipment>Cost)
H7: 3
A8: 42825 | B8: 18431 | C8: SevenC - 2 X HP Desktop CPU (AP & EM) | D8: ='FAR21'!G8 -> 16077.6 | G8: =+D8+E8-F8 -> 16077.6 | I8: 0 | J8: 0 | K8: 0 | L8: 0 | M8: 0 | N8: 0 | O8: 0 | P8: 0 | Q8: 0 | R8: 0 | S8: 0 | T8: 0 | U8: =SUM(I8:T8) -> 0 | V8: ='FAR21'!V8+U8 -> 16077.6 | W8: =+G8-V8 -> 0
A9: 42825 | B9: 18431 | C9: SevenC - HP ProBook 450 G4 Laptop (JN) | D9: ='FAR21'!G9 -> 10078.8 | G9: =+D9+E9-F9 -> 10078.8 | I9: 0 | J9: 0 | K9: 0 | L9: 0 | M9: 0 | N9: 0 | O9: 0 | P9: 0 | Q9: 0 | R9: 0 | S9: 0 | T9: 0 | U9: =SUM(I9:T9) -> 0 | V9: ='FAR21'!V9+U9 -> 10078.8 | W9: =+G9-V9 -> 0
A10: 43046 | B10: INA90085 | C10: Heart FM - CBA/Polycom System / VC | D10: ='FAR21'!G10 -> 52651 | G10: =+D10+E10-F10 -> 52651 | I10: 0 | J10: 0 | K10: 0 | L10: 0 | M10: 0 | N10: 0 | O10: 0 | P10: 0 | Q10: 0 | R10: 0 | S10: 0 | T10: 0 | U10: =SUM(I10:T10) -> 0 | V10: ='FAR21'!V10+U10 -> 52651.004 | W10: =+G10-V10 -> -0.0036377473
A11: 43160 | B11: 21643 | C11: SevenC - 6 X HP Desktop & Keyboards | D11: ='FAR21'!G11 -> 92322.7 | G11: =+D11+E11-F11 -> 92322.7 | I11: 0 | J11: 0 | K11: 0 | L11: 0 | M11: 0 | N11: 0 | O11: 0 | P11: 0 | Q11: 0 | R11: 0 | S11: 0 | T11: 0 | U11: =SUM(I11:T11) -> 0 | V11: ='FAR21'!V11+U11 -> 92322.7 | W11: =+G11-V11 -> 0
A12: 44144 | B12: INV33588 | C12: SevenC - Server: Dell PowerEdge R440 | D12: ='FAR21'!G12 -> 92565.27 | G12: =+D12+E12-F12 -> 92565.27 | I12: =+$G12/$H$7/12 -> 2571.2575 | J12: =+$G12/$H$7/12 -> 2571.2575 | K12: =+$G12/$H$7/12 -> 2571.2575 | L12: =+$G12/$H$7/12 -> 2571.2575 | M12: =+$G12/$H$7/12 -> 2571.2575 | N12: =+$G12/$H$7/12 -> 2571.2575 | O12: =+$G12/$H$7/12 -> 2571.2575 | P12: =+$G12/$H$7/12 -> 2571.2575 | ... T12: =+$G12/$H$7/12 -> 2571.2575 | U12: =SUM(I12:T12) -> 30855.09 | V12: ='FAR23'!V12+U12 -> 92565.27 | W12: =+G12-V12 -> 0
A13: 45020 | B13: INV45459 | C13: HP450 G8 CI5-1135G7 8GB 512GB 15.6 FHD UWWVA | E13: 12460.87 | G13: =E13 -> 12460.87 | I13: 0 | J13: =+$G13/$H$7/365*(30-4) -> 295.87454 | K13: =+$G13/$H$7/12 -> 346.13528 | L13: =+$G13/$H$7/12 -> 346.13528 | M13: =+$G13/$H$7/12 -> 346.13528 | N13: =+$G13/$H$7/12 -> 346.13528 | O13: =+$G13/$H$7/12 -> 346.13528 | P13: =+$G13/$H$7/12 -> 346.13528 | Q13: =+$G13/$H$7/12 -> 346.13528 | R13: =+$G13/$H$7/12 -> 346.13528 | ... T13: =+$G13/$H$7/12 -> 346.13528 | U13: =SUM(I13:T13) -> 3757.2273 | V13: =U13 -> 3757.2273 | W13: =+G13-V13 -> 8703.6427
A14: 45188 | B14: INV47999 | C14: Dell E2424HS 60.5cm, FHD VA LED Monitor | E14: 7307.41 | G14: =E14 -> 7307.41 | I14: 0 | J14: 0 | K14: 0 | L14: 0 | M14: 0 | N14: 0 | O14: =+$G14/$H$7/365*(30-19) -> 73.407772 | P14: =+$G14/$H$7/12 -> 202.98361 | Q14: =+$G14/$H$7/12 -> 202.98361 | R14: =+$G14/$H$7/12 -> 202.98361 | S14: =+$G14/$H$7/12 -> 202.98361 | T14: =+$G14/$H$7/12 -> 202.98361 | U14: =SUM(I14:T14) -> 1088.3258 | V14: =U14 -> 1088.3258 | W14: =+G14-V14 -> 6219.0842
A16: (Brought to used in March 21)
D17: =SUM(D6:D16) -> 263695.37 | E17: =SUM(E6:E16) -> 19768.28 | G17: =SUM(G8:G16) -> 283463.65 | I17: =SUM(I8:I16) -> 2571.2575 | J17: =SUM(J8:J16) -> 2867.132 | K17: =SUM(K8:K16) -> 2917.3928 | L17: =SUM(L8:L16) -> 2917.3928 | M17: =SUM(M8:M16) -> 2917.3928 | N17: =SUM(N8:N16) -> 2917.3928 | O17: =SUM(O8:O16) -> 2990.8005 | P17: =SUM(P8:P16) -> 3120.3764 | ... W17: =SUM(W8:W16) -> 14922.723
A19: Date | B19: Reference | C19: Description | D19: Cost | E19: Additions | F19: Disp | G19: Total | H19: Per | I19: 45016 | J19: 45046 | K19: 45077 | L19: 45107 | M19: 45138 | N19: 45169 | O19: 45199 | P19: 45230 | Q19: 45260 | R19: 45291 | S19: 45322 | T19: 45351 | U19: Depn for Year | V19: Accum Depn | W19: NBV 2022
A20: 6200>020 (Furniture & Fittings>Cost) | H20: 6 | I20: =+A20 -> 6200>020 (Furniture & Fittings>Cost)
A22: 42836 | B22: 30110 | C22: BFS - 15 X Roberto High Back Chairs | D22: ='FAR21'!G19 -> 52250 | G22: =+D22+E22-F22 -> 52250 | I22: =+$G22/$H$20/12 -> 725.69444 | J22: 272.38 | K22: 0 | L22: 0 | M22: 0 | N22: 0 | O22: 0 | P22: 0 | Q22: 0 | R22: 0 | S22: 0 | T22: 0 | U22: =SUM(I22:T22) -> 998.07444 | V22: ='FAR23'!V19+U22 -> 52249.996 | W22: =+G22-V22 -> 0.0039421613
A23: 43165 | B23: Piyox-TV | C23: Boardroom TV - Samsung 75" UHD | D23: ='FAR21'!G20 -> 44144 | G23: =+D23+E23-F23 -> 44144 | I23: =+$G23/$H$20/12 -> 613.11111 | J23: =+$G23/$H$20/12 -> 613.11111 | K23: =+$G23/$H$20/12 -> 613.11111 | L23: =+$G23/$H$20/12 -> 613.11111 | M23: =+$G23/$H$20/12 -> 613.11111 | N23: =+$G23/$H$20/12 -> 613.11111 | O23: =+$G23/$H$20/12 -> 613.11111 | P23: =+$G23/$H$20/12 -> 613.11111 | ... T23: =+$G23/$H$20/12 -> 613.11111 | U23: =SUM(I23:T23) -> 7357.3333 | V23: ='FAR23'!V20+U23 -> 44034.816 | W23: =+G23-V23 -> 109.18417
A24: 43179 | B24: 32006 | C24: BFS - 5 X Roberto High Back Chairs | D24: ='FAR21'!G21 -> 19430 | G24: =+D24+E24-F24 -> 19430 | I24: =+$G24/$H$20/12 -> 269.86111 | J24: =+$G24/$H$20/12 -> 269.86111 | K24: =+$G24/$H$20/12 -> 269.86111 | L24: =+$G24/$H$20/12 -> 269.86111 | M24: =+$G24/$H$20/12 -> 269.86111 | N24: =+$G24/$H$20/12 -> 269.86111 | O24: =+$G24/$H$20/12 -> 269.86111 | P24: =+$G24/$H$20/12 -> 269.86111 | ... T24: =+$G24/$H$20/12 -> 269.86111 | U24: =SUM(I24:T24) -> 3238.3333 | V24: ='FAR23'!V21+U24 -> 19257.732 | W24: =+G24-V24 -> 172.2675
A25: 43578 | B25: INV00651 | C25: C & D Design - Boardroom Table | D25: ='FAR21'!G22 -> 26544 | G25: =+D25+E25-F25 -> 26544 | I25: =+$G25/$H$20/12 -> 368.66667 | J25: =+$G25/$H$20/12 -> 368.66667 | K25: =+$G25/$H$20/12 -> 368.66667 | L25: =+$G25/$H$20/12 -> 368.66667 | M25: =+$G25/$H$20/12 -> 368.66667 | N25: =+$G25/$H$20/12 -> 368.66667 | O25: =+$G25/$H$20/12 -> 368.66667 | P25: =+$G25/$H$20/12 -> 368.66667 | ... T25: =+$G25/$H$20/12 -> 368.66667 | U25: =SUM(I25:T25) -> 4424 | V25: ='FAR23'!V22+U25 -> 21467.511 | W25: =+G25-V25 -> 5076.4895
A26: 43710 | B26: 34825 | C26: BFS - 4 X Roberto High Back Chairs | D26: ='FAR21'!G23 -> 15767 | G26: =+D26+E26-F26 -> 15767 | I26: =+$G26/$H$20/12 -> 218.98611 | J26: =+$G26/$H$20/12 -> 218.98611 | K26: =+$G26/$H$20/12 -> 218.98611 | L26: =+$G26/$H$20/12 -> 218.98611 | M26: =+$G26/$H$20/12 -> 218.98611 | N26: =+$G26/$H$20/12 -> 218.98611 | O26: =+$G26/$H$20/12 -> 218.98611 | P26: =+$G26/$H$20/12 -> 218.98611 | ... T26: =+$G26/$H$20/12 -> 218.98611 | U26: =SUM(I26:T26) -> 2627.8333 | V26: ='FAR23'!V23+U26 -> 11825.25 | W26: =+G26-V26 -> 3941.75
A27: 43710 | B27: 34825 | C27: BFS - 10 X Pasquale Visitors Arm Chairs | D27: ='FAR21'!G24 -> 25647 | G27: =+D27+E27-F27 -> 25647 | I27: =+$G27/$H$20/12 -> 356.20833 | J27: =+$G27/$H$20/12 -> 356.20833 | K27: =+$G27/$H$20/12 -> 356.20833 | L27: =+$G27/$H$20/12 -> 356.20833 | M27: =+$G27/$H$20/12 -> 356.20833 | N27: =+$G27/$H$20/12 -> 356.20833 | O27: =+$G27/$H$20/12 -> 356.20833 | P27: =+$G27/$H$20/12 -> 356.20833 | ... T27: =+$G27/$H$20/12 -> 356.20833 | U27: =SUM(I27:T27) -> 4274.5 | V27: ='FAR23'!V24+U27 -> 19235.25 | W27: =+G27-V27 -> 6411.75
A28: 44791 | B28: Piyox-TV | C28: Samsung 55" TV - Crystal UHD Smart TV | D28: 13715 | G28: 13715 | I28: =+$G28/$H$20/12 -> 190.48611 | J28: =+$G28/$H$20/12 -> 190.48611 | K28: =+$G28/$H$20/12 -> 190.48611 | L28: =+$G28/$H$20/12 -> 190.48611 | M28: =+$G28/$H$20/12 -> 190.48611 | N28: =+$G28/$H$20/12 -> 190.48611 | O28: =+$G28/$H$20/12 -> 190.48611 | P28: =+$G28/$H$20/12 -> 190.48611 | ... T28: =+$G28/$H$20/12 -> 190.48611 | U28: =SUM(I28:T28) -> 2285.8333 | V28: ='FAR23'!V25+U28 -> 3510.1632 | W28: =G28-V28 -> 10204.837
D30: =SUM(D20:D29) -> 197497 | E30: =SUM(E20:E29) -> 0 | F30: =SUM(F20:F27) -> 0 | G30: =SUM(D30:F30) -> 197497 | I30: =SUM(I22:I29) -> 2743.0139 | J30: =SUM(J22:J29) -> 2289.6994 | K30: =SUM(K22:K29) -> 2017.3194 | L30: =SUM(L22:L29) -> 2017.3194 | M30: =SUM(M22:M29) -> 2017.3194 | N30: =SUM(N22:N29) -> 2017.3194 | O30: =SUM(O22:O29) -> 2017.3194 | P30: =SUM(P22:P29) -> 2017.3194 | ... W30: =SUM(W22:W29) -> 25916.282
A32: Date | B32: Reference | C32: Description | D32: Cost | E32: Additions | F32: Disp | G32: Total | H32: Per | I32: 45016 | J32: 45046 | K32: 45077 | L32: 45107 | M32: 45138 | N32: 45169 | O32: 45199 | P32: 45230 | Q32: 45260 | R32: 45291 | S32: 45322 | T32: 45351 | U32: Depn for Year | V32: Accum Depn | W32: NBV 2022
A33: 6300>020 (Motor Vehicles>Cost) | H33: 5 | I33: =+A33 -> 6300>020 (Motor Vehicles>Cost)
A35: 42860 | B35: 89009640 | C35: Rivonia Toyota: Corolla Quest 1.6 AT | D35: ='FAR21'!G31 -> 255969.92 | G35: =+D35+E35-F35 -> 255969.92 | I35: 0 | J35: 0 | K35: 0 | L35: 0 | M35: 0 | N35: 0 | O35: 0 | P35: 0 | Q35: 0 | R35: 0 | S35: 0 | T35: 0 | U35: =SUM(I35:T35) -> 0 | V35: ='FAR23'!V32 -> 255969.92 | W35: =+G35-V35 -> 0.00058264844
D37: =SUM(D35) -> 255969.92 | E37: =SUM(E35) -> 0 | F37: =SUM(F35) -> 0 | G37: =SUM(D37:F37) -> 255969.92 | I37: =SUM(I35) -> 0 | J37: =SUM(J35) -> 0 | K37: =SUM(K35) -> 0 | L37: =SUM(L35) -> 0 | M37: =SUM(M35) -> 0 | N37: =SUM(N35) -> 0 | O37: =SUM(O35) -> 0 | P37: =SUM(P35) -> 0 | ... W37: =SUM(W35) -> 0.00058264844
A40: Date | B40: Reference | C40: Description | D40: Cost | E40: Additions | F40: Disp | G40: Total | H40: Per | I40: 45016 | J40: 45046 | K40: 45077 | L40: 45107 | M40: 45138 | N40: 45169 | O40: 45199 | P40: 45230 | Q40: 45260 | R40: 45291 | S40: 45322 | T40: 45351 | U40: Depn for Year | V40: Accum Depn | W40: NBV 2022
A41: 6400>020 (Office Equipment>Cost) | I41: =+A41 -> 6400>020 (Office Equipment>Cost)
H42: 6
A43: 45139 | B43: Boardroom Upgrade1 | C43: Boardroom: Yearlink Microsoft V/C (Speaker) | E43: 44100 | G43: 44100 | I43: 0 | J43: 0 | K43: 0 | L43: 0 | M43: 0 | N43: =+$G43/$H$42/12 -> 612.5 | O43: =+$G43/$H$42/12 -> 612.5 | P43: =+$G43/$H$42/12 -> 612.5 | Q43: =+$G43/$H$42/12 -> 612.5 | R43: =+$G43/$H$42/12 -> 612.5 | S43: =+$G43/$H$42/12 -> 612.5 | T43: =+$G43/$H$42/12 -> 612.5 | U43: =SUM(I43:T43) -> 4287.5 | V43: =U43 -> 4287.5 | W43: =G43-V43 -> 39812.5
E45: =SUM(E43:E44) -> 44100 | G45: =SUM(G43:G44) -> 44100 | I45: =SUM(I43:I44) -> 0 | J45: =SUM(J43:J44) -> 0 | K45: =SUM(K43:K44) -> 0 | L45: =SUM(L43:L44) -> 0 | M45: =SUM(M43:M44) -> 0 | N45: =SUM(N43:N44) -> 612.5 | O45: =SUM(O43:O44) -> 612.5 | P45: =SUM(P43:P44) -> 612.5 | ... T45: =SUM(T43:T44) -> 612.5
A47: Grand Total | D47: =D17+D30+D37 -> 717162.29 | E47: =E17+E30+E37+E45 -> 63868.28 | F47: =F17+F30+F37 -> 0 | G47: =G17+G30+G37+G45 -> 781030.57 | I47: =I17+I30+I37 -> 5314.2714 | J47: =J17+J30+J37 -> 5156.8315 | K47: =K17+K30+K37 -> 4934.7122 | L47: =L17+L30+L37 -> 4934.7122 | M47: =M17+M30+M37 -> 4934.7122 | N47: =N17+N30+N37+N45 -> 5547.2122 | O47: =O17+O30+O37+O45 -> 5620.62 | P47: =P17+P30+P37+P45 -> 5750.1958 | Q47: =Q17+Q30+Q37+Q45 -> 5750.1958 | R47: =R17+R30+R37+R45 -> 5750.1958 | S47: =S17+S30+S37+S45 -> 5750.1958 | T47: =T17+T30+T37+T45 -> 5750.1958 | U47: =U17+U30+U37 -> 60906.551 | V47: =V17+V30+V37 -> 696091.56 | W47: =W17+W30+W37 -> 40839.006

Sheet FAR25
A1: FAR MRC Management Services
A3: Ledger Accounts: MARCH 2023 - FEBRUARY 2024
A4: Date | B4: Reference | C4: Description | D4: Cost (ExVAT) | E4: Additions | F4: Disp | G4: Total | H4: Per | I4: 45382 | J4: 45412 | K4: 45443 | L4: 45473 | M4: 45504 | N4: 45535 | O4: 45565 | P4: 45596 | Q4: 45626 | R4: 45657 | S4: 45688 | T4: 45716 | U4: Depn for Year | V4: Accum Depn | W4: NBV 2024
A6: 6100>020 (Computer Equipment>Cost) | I6: =+A6 -> 6100>020 (Computer Equipment>Cost)
H7: 3
A8: 42825 | B8: 18431 | C8: SevenC - 2 X HP Desktop CPU (AP & EM) | D8: ='FAR21'!G8 -> 16077.6 | G8: =+D8+E8-F8 -> 16077.6 | I8: 0 | J8: 0 | K8: 0 | L8: 0 | M8: 0 | N8: 0 | O8: 0 | P8: 0 | Q8: 0 | R8: 0 | S8: 0 | T8: 0 | U8: =SUM(I8:T8) -> 0 | V8: ='FAR21'!V8+U8 -> 16077.6 | W8: =+G8-V8 -> 0
A9: 42825 | B9: 18431 | C9: SevenC - HP ProBook 450 G4 Laptop (JN) | D9: ='FAR21'!G9 -> 10078.8 | G9: =+D9+E9-F9 -> 10078.8 | I9: 0 | J9: 0 | K9: 0 | L9: 0 | M9: 0 | N9: 0 | O9: 0 | P9: 0 | Q9: 0 | R9: 0 | S9: 0 | T9: 0 | U9: =SUM(I9:T9) -> 0 | V9: ='FAR21'!V9+U9 -> 10078.8 | W9: =+G9-V9 -> 0
A10: 43046 | B10: INA90085 | C10: Heart FM - CBA/Polycom System / VC | D10: ='FAR21'!G10 -> 52651 | G10: =+D10+E10-F10 -> 52651 | I10: 0 | J10: 0 | K10: 0 | L10: 0 | M10: 0 | N10: 0 | O10: 0 | P10: 0 | Q10: 0 | R10: 0 | S10: 0 | T10: 0 | U10: =SUM(I10:T10) -> 0 | V10: ='FAR21'!V10+U10 -> 52651.004 | W10: =+G10-V10 -> -0.0036377473
A11: 43160 | B11: 21643 | C11: SevenC - 6 X HP Desktop & Keyboards | D11: ='FAR21'!G11 -> 92322.7 | G11: =+D11+E11-F11 -> 92322.7 | I11: 0 | J11: 0 | K11: 0 | L11: 0 | M11: 0 | N11: 0 | O11: 0 | P11: 0 | Q11: 0 | R11: 0 | S11: 0 | T11: 0 | U11: =SUM(I11:T11) -> 0 | V11: ='FAR21'!V11+U11 -> 92322.7 | W11: =+G11-V11 -> 0
A12: 44144 | B12: INV33588 | C12: SevenC - Server: Dell PowerEdge R440 | D12: ='FAR21'!G12 -> 92565.27 | G12: =+D12+E12-F12 -> 92565.27 | I12: 0 | J12: 0 | K12: 0 | L12: 0 | M12: 0 | N12: 0 | O12: 0 | P12: 0 | Q12: 0 | R12: 0 | S12: 0 | T12: 0 | U12: =SUM(I12:T12) -> 0 | V12: ='FAR24'!V12+U12 -> 92565.27 | W12: =+G12-V12 -> 0
A13: 45020 | B13: INV45459 | C13: HP450 G8 CI5-1135G7 8GB 512GB 15.6 FHD UWWVA | D13: 12460.87 | G13: =D13 -> 12460.87 | I13: =+$G13/$H$7/12 -> 346.13528 | J13: =+$G13/$H$7/12 -> 346.13528 | K13: =+$G13/$H$7/12 -> 346.13528 | L13: =+$G13/$H$7/12 -> 346.13528 | M13: =+$G13/$H$7/12 -> 346.13528 | N13: =+$G13/$H$7/12 -> 346.13528 | O13: =+$G13/$H$7/12 -> 346.13528 | P13: =+$G13/$H$7/12 -> 346.13528 | ... T13: =+$G13/$H$7/12 -> 346.13528 | U13: =SUM(I13:T13) -> 4153.6233 | V13: ='FAR24'!V13+U13 -> 7910.8507 | W13: =+G13-V13 -> 4550.0193
A14: 45188 | B14: INV47999 | C14: Dell E2424HS 60.5cm, FHD VA LED Monitor | D14: 7307.41 | G14: =D14 -> 7307.41 | I14: =+$G14/$H$7/12 -> 202.98361 | J14: =+$G14/$H$7/12 -> 202.98361 | K14: =+$G14/$H$7/12 -> 202.98361 | L14: =+$G14/$H$7/12 -> 202.98361 | M14: =+$G14/$H$7/12 -> 202.98361 | N14: =+$G14/$H$7/12 -> 202.98361 | O14: =+$G14/$H$7/12 -> 202.98361 | P14: =+$G14/$H$7/12 -> 202.98361 | ... T14: =+$G14/$H$7/12 -> 202.98361 | U14: =SUM(I14:T14) -> 2435.8033 | V14: ='FAR24'!V14+U14 -> 3524.1292 | W14: =+G14-V14 -> 3783.2808
A16: (Brought to used in March 21)
D17: =SUM(D6:D16) -> 283463.65 | E17: =SUM(E6:E16) -> 0 | G17: =SUM(G8:G16) -> 283463.65 | I17: =SUM(I8:I16) -> 549.11889 | J17: =SUM(J8:J16) -> 549.11889 | K17: =SUM(K8:K16) -> 549.11889 | L17: =SUM(L8:L16) -> 549.11889 | M17: =SUM(M8:M16) -> 549.11889 | N17: =SUM(N8:N16) -> 549.11889 | O17: =SUM(O8:O16) -> 549.11889 | P17: =SUM(P8:P16) -> 549.11889 | ... W17: =SUM(W8:W16) -> 8333.2966
A19: Date | B19: Reference | C19: Description | D19: Cost | E19: Additions | F19: Disp | G19: Total | H19: Per | I19: 45382 | J19: 45412 | K19: 45443 | L19: 45473 | M19: 45504 | N19: 45535 | O19: 45565 | P19: 45596 | Q19: 45626 | R19: 45657 | S19: 45688 | T19: 45716 | U19: Depn for Year | V19: Accum Depn | W19: NBV 2024
A20: 6200>020 (Furniture & Fittings>Cost) | H20: 6 | I20: =+A20 -> 6200>020 (Furniture & Fittings>Cost)
A22: 42836 | B22: 30110 | C22: BFS - 15 X Roberto High Back Chairs | D22: ='FAR21'!G19 -> 52250 | G22: =+D22+E22-F22 -> 52250 | I22: 0 | J22: 0 | K22: 0 | L22: 0 | M22: 0 | N22: 0 | O22: 0 | P22: 0 | Q22: 0 | R22: 0 | S22: 0 | T22: 0 | U22: =SUM(I22:T22) -> 0 | V22: ='FAR24'!V22+U22 -> 52249.996 | W22: =+G22-V22 -> 0.0039421613
A23: 43165 | B23: Piyox-TV | C23: Boardroom TV - Samsung 75" UHD | D23: ='FAR21'!G20 -> 44144 | G23: =+D23+E23-F23 -> 44144 | I23: 109.18 | J23: 0 | K23: 0 | L23: 0 | M23: 0 | N23: 0 | O23: 0 | P23: 0 | Q23: 0 | R23: 0 | S23: 0 | T23: 0 | U23: =SUM(I23:T23) -> 109.18 | V23: ='FAR24'!V23+U23 -> 44143.996 | W23: =+G23-V23 -> 0.0041704718
A24: 43179 | B24: 32006 | C24: BFS - 5 X Roberto High Back Chairs | D24: ='FAR21'!G21 -> 19430 | G24: =+D24+E24-F24 -> 19430 | I24: 172.27 | J24: 0 | K24: 0 | L24: 0 | M24: 0 | N24: 0 | O24: 0 | P24: 0 | Q24: 0 | R24: 0 | S24: 0 | T24: 0 | U24: =SUM(I24:T24) -> 172.27 | V24: ='FAR24'!V24+U24 -> 19430.002 | W24: =+G24-V24 -> -0.0024961948
A25: 43578 | B25: INV00651 | C25: C & D Design - Boardroom Table | D25: ='FAR21'!G22 -> 26544 | G25: =+D25+E25-F25 -> 26544 | I25: =+$G25/$H$20/12 -> 368.66667 | J25: =+$G25/$H$20/12 -> 368.66667 | K25: =+$G25/$H$20/12 -> 368.66667 | L25: =+$G25/$H$20/12 -> 368.66667 | M25: =+$G25/$H$20/12 -> 368.66667 | N25: =+$G25/$H$20/12 -> 368.66667 | O25: =+$G25/$H$20/12 -> 368.66667 | P25: =+$G25/$H$20/12 -> 368.66667 | ... T25: =+$G25/$H$20/12 -> 368.66667 | U25: =SUM(I25:T25) -> 4424 | V25: ='FAR24'!V25+U25 -> 25891.511 | W25: =+G25-V25 -> 652.4895
A26: 43710 | B26: 34825 | C26: BFS - 4 X Roberto High Back Chairs | D26: ='FAR21'!G23 -> 15767 | G26: =+D26+E26-F26 -> 15767 | I26: =+$G26/$H$20/12 -> 218.98611 | J26: =+$G26/$H$20/12 -> 218.98611 | K26: =+$G26/$H$20/12 -> 218.98611 | L26: =+$G26/$H$20/12 -> 218.98611 | M26: =+$G26/$H$20/12 -> 218.98611 | N26: =+$G26/$H$20/12 -> 218.98611 | O26: =+$G26/$H$20/12 -> 218.98611 | P26: =+$G26/$H$20/12 -> 218.98611 | ... T26: =+$G26/$H$20/12 -> 218.98611 | U26: =SUM(I26:T26) -> 2627.8333 | V26: ='FAR24'!V26+U26 -> 14453.083 | W26: =+G26-V26 -> 1313.9167
A27: 43710 | B27: 34825 | C27: BFS - 10 X Pasquale Visitors Arm Chairs | D27: ='FAR21'!G24 -> 25647 | G27: =+D27+E27-F27 -> 25647 | I27: =+$G27/$H$20/12 -> 356.20833 | J27: =+$G27/$H$20/12 -> 356.20833 | K27: =+$G27/$H$20/12 -> 356.20833 | L27: =+$G27/$H$20/12 -> 356.20833 | M27: =+$G27/$H$20/12 -> 356.20833 | N27: =+$G27/$H$20/12 -> 356.20833 | O27: =+$G27/$H$20/12 -> 356.20833 | P27: =+$G27/$H$20/12 -> 356.20833 | ... T27: =+$G27/$H$20/12 -> 356.20833 | U27: =SUM(I27:T27) -> 4274.5 | V27: ='FAR24'!V27+U27 -> 23509.75 | W27: =+G27-V27 -> 2137.25
A28: 44791 | B28: Piyox-TV | C28: Samsung 55" TV - Crystal UHD Smart TV | D28: 13715 | G28: 13715 | I28: =+$G28/$H$20/12 -> 190.48611 | J28: =+$G28/$H$20/12 -> 190.48611 | K28: =+$G28/$H$20/12 -> 190.48611 | L28: =+$G28/$H$20/12 -> 190.48611 | M28: =+$G28/$H$20/12 -> 190.48611 | N28: =+$G28/$H$20/12 -> 190.48611 | O28: =+$G28/$H$20/12 -> 190.48611 | P28: =+$G28/$H$20/12 -> 190.48611 | ... T28: =+$G28/$H$20/12 -> 190.48611 | U28: =SUM(I28:T28) -> 2285.8333 | V28: ='FAR24'!V28+U28 -> 5795.9966 | W28: =G28-V28 -> 7919.0034
D30: =SUM(D20:D29) -> 197497 | E30: =SUM(E20:E29) -> 0 | F30: =SUM(F20:F27) -> 0 | G30: =SUM(D30:F30) -> 197497 | I30: =SUM(I22:I29) -> 1415.7972 | J30: =SUM(J22:J29) -> 1134.3472 | K30: =SUM(K22:K29) -> 1134.3472 | L30: =SUM(L22:L29) -> 1134.3472 | M30: =SUM(M22:M29) -> 1134.3472 | N30: =SUM(N22:N29) -> 1134.3472 | O30: =SUM(O22:O29) -> 1134.3472 | P30: =SUM(P22:P29) -> 1134.3472 | ... W30: =SUM(W22:W29) -> 12022.665
A32: Date | B32: Reference | C32: Description | D32: Cost | E32: Additions | F32: Disp | G32: Total | H32: Per | I32: 45382 | J32: 45412 | K32: 45443 | L32: 45473 | M32: 45504 | N32: 45535 | O32: 45565 | P32: 45596 | Q32: 45626 | R32: 45657 | S32: 45688 | T32: 45716 | U32: Depn for Year | V32: Accum Depn | W32: NBV 2024
A33: 6300>020 (Motor Vehicles>Cost) | H33: 5 | I33: =+A33 -> 6300>020 (Motor Vehicles>Cost)
A35: 42860 | B35: 89009640 | C35: Rivonia Toyota: Corolla Quest 1.6 AT | D35: ='FAR21'!G31 -> 255969.92 | G35: =+D35+E35-F35 -> 255969.92 | I35: 0 | J35: 0 | K35: 0 | L35: 0 | M35: 0 | N35: 0 | O35: 0 | P35: 0 | Q35: 0 | R35: 0 | S35: 0 | T35: 0 | U35: =SUM(I35:T35) -> 0 | V35: ='FAR23'!V32 -> 255969.92 | W35: =+G35-V35 -> 0.00058264844
D37: =SUM(D35) -> 255969.92 | E37: =SUM(E35) -> 0 | F37: =SUM(F35) -> 0 | G37: =SUM(D37:F37) -> 255969.92 | I37: =SUM(I35) -> 0 | J37: =SUM(J35) -> 0 | K37: =SUM(K35) -> 0 | L37: =SUM(L35) -> 0 | M37: =SUM(M35) -> 0 | N37: =SUM(N35) -> 0 | O37: =SUM(O35) -> 0 | P37: =SUM(P35) -> 0 | ... W37: =SUM(W35) -> 0.00058264844
A40: Date | B40: Reference | C40: Description | D40: Cost | E40: Additions | F40: Disp | G40: Total | H40: Per | I40: 45382 | J40: 45412 | K40: 45443 | L40: 45473 | M40: 45504 | N40: 45535 | O40: 45565 | P40: 45596 | Q40: 45626 | R40: 45657 | S40: 45688 | T40: 45716 | U40: Depn for Year | V40: Accum Depn | W40: NBV 2024
A41: 6400>020 (Office Equipment>Cost) | I41: =+A41 -> 6400>020 (Office Equipment>Cost)
H42: 6
A43: 45139 | B43: Boardroom Upgrade1 | C43: Boardroom: Yearlink Microsoft V/C (Speaker) | E43: 44100 | G43: 44100 | I43: =+$G43/$H$42/12 -> 612.5 | J43: =+$G43/$H$42/12 -> 612.5 | K43: =+$G43/$H$42/12 -> 612.5 | L43: =+$G43/$H$42/12 -> 612.5 | M43: =+$G43/$H$42/12 -> 612.5 | N43: =+$G43/$H$42/12 -> 612.5 | O43: =+$G43/$H$42/12 -> 612.5 | P43: =+$G43/$H$42/12 -> 612.5 | ... T43: =+$G43/$H$42/12 -> 612.5 | U43: =SUM(I43:T43) -> 7350 | V43: ='FAR24'!V43+U43 -> 11637.5 | W43: =G43-V43 -> 32462.5
D45: =SUM(D43:D44) -> 0 | E45: =SUM(E43:E44) -> 44100 | G45: =SUM(G43:G44) -> 44100 | I45: =SUM(I43:I44) -> 612.5 | J45: =SUM(J43:J44) -> 612.5 | K45: =SUM(K43:K44) -> 612.5 | L45: =SUM(L43:L44) -> 612.5 | M45: =SUM(M43:M44) -> 612.5 | N45: =SUM(N43:N44) -> 612.5 | O45: =SUM(O43:O44) -> 612.5 | P45: =SUM(P43:P44) -> 612.5 | ... W45: =SUM(W43:W44) -> 32462.5
A47: Date | B47: Reference | C47: Description | D47: Cost | E47: Additions | F47: Disp | G47: Total | H47: Per | I47: 45382 | J47: 45412 | K47: 45443 | L47: 45473 | M47: 45504 | N47: 45535 | O47: 45565 | P47: 45596 | Q47: 45626 | R47: 45657 | S47: 45688 | T47: 45716 | U47: Depn for Year | V47: Accum Depn | W47: NBV 2024
A48: 6150>020 (Computer Software>Cost) | I48: =+A48 -> 6150>020 (Computer Software>Cost)
H49: 3
A50: 45371 | B50: IN100607 | C50: SAGE BI Advance Module | D50: 27173.91 | G50: 27173.91 | I50: =+$G50/$H$49/365*(30-20) -> 248.16356 | J50: =+$G50/$H$49/12 -> 754.83083 | K50: =+$G50/$H$49/12 -> 754.83083 | L50: =+$G50/$H$49/12 -> 754.83083 | M50: =+$G50/$H$49/12 -> 754.83083 | N50: =+$G50/$H$49/12 -> 754.83083 | O50: =+$G50/$H$49/12 -> 754.83083 | P50: =+$G50/$H$49/12 -> 754.83083 | Q50: =+$G50/$H$49/12 -> 754.83083 | ... T50: =+$G50/$H$49/12 -> 754.83083 | U50: =SUM(I50:T50) -> 8551.3027 | V50: =U50 -> 8551.3027 | W50: =G50-V50 -> 18622.607
D52: =D50 -> 27173.91 | E52: =E50 | F52: =F50 | G52: =G50 -> 27173.91 | I52: =I50 -> 248.16356 | J52: =J50 -> 754.83083 | K52: =K50 -> 754.83083 | L52: =L50 -> 754.83083 | M52: =M50 -> 754.83083 | N52: =N50 -> 754.83083 | O52: =O50 -> 754.83083 | P52: =P50 -> 754.83083 | ... W52: =W50 -> 18622.607
A54: Grand Total | D54: =D17+D30+D37+D52 -> 764104.48 | E54: =E17+E30+E37+E45 -> 44100 | F54: =F17+F30+F37 -> 0 | G54: =G17+G30+G37+G45+G52 -> 808204.48 | I54: =I17+I30+I37+I45+I52 -> 2825.5797 | J54: =J17+J30+J37+J45+J52 -> 3050.7969 | K54: =K17+K30+K37+K45+K52 -> 3050.7969 | L54: =L17+L30+L37+L45+L52 -> 3050.7969 | M54: =M17+M30+M37+M45+M52 -> 3050.7969 | N54: =N17+N30+N37+N45+N52 -> 3050.7969 | O54: =O17+O30+O37+O45+O52 -> 3050.7969 | P54: =P17+P30+P37+P45+P52 -> 3050.7969 | ... T54: =T17+T30+T37+T45+T52 -> 3050.7969 | U54: =U17+U30+U37 -> 20483.043 | V54: =V17+V30+V37 -> 716574.61 | W54: =W17+W30+W37 -> 20355.962

Sheet FAR26
A1: FAR MRC Management Services
A3: Ledger Accounts: MARCH 2023 - FEBRUARY 2024
A4: Date | B4: Reference | C4: Description | D4: Cost (ExVAT) | E4: Additions | F4: Disp | G4: Total | H4: Per | I4: 45747 | J4: 45777 | K4: 45808 | L4: 45838 | M4: 45869 | N4: 45900 | O4: 45930 | P4: 45961 | Q4: 45991 | R4: 46022 | S4: 46053 | T4: 46081 | U4: Depn for Year | V4: Accum Depn | W4: NBV 2024
A6: 6100>020 (Computer Equipment>Cost) | I6: =+A6 -> 6100>020 (Computer Equipment>Cost)
H7: 3
A8: 42825 | B8: 18431 | C8: SevenC - 2 X HP Desktop CPU (AP & EM) | D8: ='FAR21'!G8 -> 16077.6 | G8: =+D8+E8-F8 -> 16077.6 | I8: 0 | J8: 0 | K8: 0 | U8: =SUM(I8:T8) -> 0 | V8: ='FAR25'!V8+U8 -> 16077.6 | W8: =+G8-V8 -> 0
A9: 42825 | B9: 18431 | C9: SevenC - HP ProBook 450 G4 Laptop (JN) | D9: ='FAR21'!G9 -> 10078.8 | G9: =+D9+E9-F9 -> 10078.8 | I9: 0 | J9: 0 | K9: 0 | U9: =SUM(I9:T9) -> 0 | V9: ='FAR25'!V9+U9 -> 10078.8 | W9: =+G9-V9 -> 0
A10: 43046 | B10: INA90085 | C10: Heart FM - CBA/Polycom System / VC | D10: ='FAR21'!G10 -> 52651 | G10: =+D10+E10-F10 -> 52651 | I10: 0 | J10: 0 | K10: 0 | U10: =SUM(I10:T10) -> 0 | V10: ='FAR25'!V10+U10 -> 52651.004 | W10: =+G10-V10 -> -0.0036377473
A11: 43160 | B11: 21643 | C11: SevenC - 6 X HP Desktop & Keyboards | D11: ='FAR21'!G11 -> 92322.7 | G11: =+D11+E11-F11 -> 92322.7 | I11: 0 | J11: 0 | K11: 0 | U11: =SUM(I11:T11) -> 0 | V11: ='FAR25'!V11+U11 -> 92322.7 | W11: =+G11-V11 -> 0
A12: 44144 | B12: INV33588 | C12: SevenC - Server: Dell PowerEdge R440 | D12: ='FAR21'!G12 -> 92565.27 | G12: =+D12+E12-F12 -> 92565.27 | I12: 0 | J12: 0 | K12: 0 | L12: 0 | M12: 0 | N12: 0 | O12: 0 | P12: 0 | Q12: 0 | R12: 0 | S12: 0 | T12: 0 | U12: =SUM(I12:T12) -> 0 | V12: ='FAR25'!V12+U12 -> 92565.27 | W12: =+G12-V12 -> 0
A13: 45020 | B13: INV45459 | C13: HP450 G8 CI5-1135G7 8GB 512GB 15.6 FHD UWWVA - Damaged | D13: 12460.87 | G13: =D13 -> 12460.87 | I13: =+$G13/$H$7/12 -> 346.13528 | J13: =+$G13/$H$7/12 -> 346.13528 | K13: 0 | L13: 0 | M13: 0 | N13: 0 | O13: 0 | P13: 0 | Q13: 0 | R13: 0 | S13: 0 | T13: 0 | U13: =SUM(I13:T13) -> 692.27056 | V13: ='FAR25'!V13+U13 -> 8603.1212 | W13: =+G13-V13 -> 3857.7488
A14: 45188 | B14: INV47999 | C14: Dell E2424HS 60.5cm, FHD VA LED Monitor | D14: 7307.41 | G14: =D14 -> 7307.41 | I14: =+$G14/$H$7/12 -> 202.98361 | J14: =+$G14/$H$7/12 -> 202.98361 | K14: =+$G14/$H$7/12 -> 202.98361 | L14: =+$G14/$H$7/12 -> 202.98361 | M14: =+$G14/$H$7/12 -> 202.98361 | N14: =+$G14/$H$7/12 -> 202.98361 | O14: =+$G14/$H$7/12 -> 202.98361 | P14: =+$G14/$H$7/12 -> 202.98361 | ... T14: =+$G14/$H$7/12 -> 202.98361 | U14: =SUM(I14:T14) -> 2435.8033 | V14: ='FAR25'!V14+U14 -> 5959.9325 | W14: =+G14-V14 -> 1347.4775
A15: 45848 | B15: INV59111 | C15: Server Hard Drive - Dell Gen14 1.2TB 10K 12Gb/s | E15: 7077.6 | G15: =E15 -> 7077.6 | I15: 0 | J15: 0 | K15: 0 | L15: 0 | M15: =+$G15/$H$7/365*(31-10) -> 135.73479 | N15: =+$G15/$H$7/12 -> 196.6 | O15: =+$G15/$H$7/12 -> 196.6 | P15: =+$G15/$H$7/12 -> 196.6 | Q15: =+$G15/$H$7/12 -> 196.6 | R15: =+$G15/$H$7/12 -> 196.6 | S15: =+$G15/$H$7/12 -> 196.6 | T15: =+$G15/$H$7/12 -> 196.6 | U15: =SUM(I15:T15) -> 1511.9348 | V15: ='FAR25'!V15+U15 -> 1511.9348 | W15: =+G15-V15 -> 5565.6652
A18: (Brought to used in March 21)
D19: =SUM(D6:D18) -> 283463.65 | E19: =SUM(E6:E18) -> 7077.6 | G19: =SUM(G8:G18) -> 290541.25 | I19: =SUM(I8:I18) -> 549.11889 | J19: =SUM(J8:J18) -> 549.11889 | K19: =SUM(K8:K18) -> 202.98361 | L19: =SUM(L8:L18) -> 202.98361 | M19: =SUM(M8:M18) -> 338.71841 | N19: =SUM(N8:N18) -> 399.58361 | O19: =SUM(O8:O18) -> 399.58361 | P19: =SUM(P8:P18) -> 399.58361 | ... W19: =SUM(W8:W18) -> 10770.888
A21: Date | B21: Reference | C21: Description | D21: Cost | E21: Additions | F21: Disp | G21: Total | H21: Per | I21: 45747 | J21: 45777 | K21: 45808 | L21: 45838 | M21: 45869 | N21: 45900 | O21: 45930 | P21: 45961 | Q21: 45991 | R21: 46022 | S21: 46053 | T21: 46081 | U21: Depn for Year | V21: Accum Depn | W21: NBV 2024
A22: 6200>020 (Furniture & Fittings>Cost) | H22: 6 | I22: =+A22 -> 6200>020 (Furniture & Fittings>Cost)
A24: 42836 | B24: 30110 | C24: BFS - 15 X Roberto High Back Chairs | D24: ='FAR21'!G19 -> 52250 | G24: =+D24+E24-F24 -> 52250 | I24: 0 | J24: 0 | K24: 0 | L24: 0 | M24: 0 | N24: 0 | O24: 0 | P24: 0 | Q24: 0 | R24: 0 | S24: 0 | T24: 0 | U24: =SUM(I24:T24) -> 0 | V24: ='FAR25'!V22+U24 -> 52249.996 | W24: =+G24-V24 -> 0.0039421613
A25: 43165 | B25: Piyox-TV | C25: Boardroom TV - Samsung 75" UHD | D25: ='FAR21'!G20 -> 44144 | G25: =+D25+E25-F25 -> 44144 | I25: 0 | J25: 0 | K25: 0 | L25: 0 | M25: 0 | N25: 0 | O25: 0 | P25: 0 | Q25: 0 | R25: 0 | S25: 0 | T25: 0 | U25: =SUM(I25:T25) -> 0 | V25: ='FAR25'!V23+U25 -> 44143.996 | W25: =+G25-V25 -> 0.0041704718
A26: 43179 | B26: 32006 | C26: BFS - 5 X Roberto High Back Chairs | D26: ='FAR21'!G21 -> 19430 | G26: =+D26+E26-F26 -> 19430 | I26: 0 | J26: 0 | K26: 0 | L26: 0 | M26: 0 | N26: 0 | O26: 0 | P26: 0 | Q26: 0 | R26: 0 | S26: 0 | T26: 0 | U26: =SUM(I26:T26) -> 0 | V26: ='FAR25'!V24+U26 -> 19430.002 | W26: =+G26-V26 -> -0.0024961948
A27: 43578 | B27: INV00651 | C27: C & D Design - Boardroom Table | D27: ='FAR21'!G22 -> 26544 | G27: =+D27+E27-F27 -> 26544 | I27: =+$G27/$H$22/12 -> 368.66667 | J27: 283.82 | K27: 0 | L27: 0 | M27: 0 | N27: 0 | O27: 0 | P27: 0 | Q27: 0 | R27: 0 | S27: 0 | T27: 0 | U27: =SUM(I27:T27) -> 652.48667 | V27: ='FAR25'!V25+U27 -> 26543.997 | W27: =+G27-V27 -> 0.0028310502
A28: 43710 | B28: 34825 | C28: BFS - 4 X Roberto High Back Chairs | D28: ='FAR21'!G23 -> 15767 | G28: =+D28+E28-F28 -> 15767 | I28: =+$G28/$H$22/12 -> 218.98611 | J28: =+$G28/$H$22/12 -> 218.98611 | K28: =+$G28/$H$22/12 -> 218.98611 | L28: =+$G28/$H$22/12 -> 218.98611 | M28: =+$G28/$H$22/12 -> 218.98611 | N28: =+$G28/$H$22/12 -> 218.98611 | O28: 0 | P28: 0 | Q28: 0 | R28: 0 | S28: 0 | T28: 0 | U28: =SUM(I28:T28) -> 1313.9167 | V28: ='FAR25'!V26+U28 -> 15767 | W28: =+G28-V28 -> 0
A29: 43710 | B29: 34825 | C29: BFS - 10 X Pasquale Visitors Arm Chairs | D29: ='FAR21'!G24 -> 25647 | G29: =+D29+E29-F29 -> 25647 | I29: =+$G29/$H$22/12 -> 356.20833 | J29: =+$G29/$H$22/12 -> 356.20833 | K29: =+$G29/$H$22/12 -> 356.20833 | L29: =+$G29/$H$22/12 -> 356.20833 | M29: =+$G29/$H$22/12 -> 356.20833 | N29: =+$G29/$H$22/12 -> 356.20833 | O29: 0 | P29: 0 | Q29: 0 | R29: 0 | S29: 0 | T29: 0 | U29: =SUM(I29:T29) -> 2137.25 | V29: ='FAR25'!V27+U29 -> 25647 | W29: =+G29-V29 -> 0
A30: 44791 | B30: Piyox-TV | C30: Samsung 55" TV - Crystal UHD Smart TV | D30: 13715 | G30: 13715 | I30: =+$G30/$H$22/12 -> 190.48611 | J30: =+$G30/$H$22/12 -> 190.48611 | K30: =+$G30/$H$22/12 -> 190.48611 | L30: =+$G30/$H$22/12 -> 190.48611 | M30: =+$G30/$H$22/12 -> 190.48611 | N30: =+$G30/$H$22/12 -> 190.48611 | O30: =+$G30/$H$22/12 -> 190.48611 | P30: =+$G30/$H$22/12 -> 190.48611 | ... T30: =+$G30/$H$22/12 -> 190.48611 | U30: =SUM(I30:T30) -> 2285.8333 | V30: ='FAR25'!V28+U30 -> 8081.8299 | W30: =G30-V30 -> 5633.1701
A31: 45817 | B31: INV58966 | C31: Data Point Installation & HPE Networking | E31: 38261.41 | G31: 38261.41 | I31: 0 | L31: =+$G31/$H$22/365*(30-9) -> 366.89023 | M31: =+$G31/$H$22/12 -> 531.40847 | N31: =+$G31/$H$22/12 -> 531.40847 | O31: =+$G31/$H$22/12 -> 531.40847 | P31: =+$G31/$H$22/12 -> 531.40847 | Q31: =+$G31/$H$22/12 -> 531.40847 | R31: =+$G31/$H$22/12 -> 531.40847 | S31: =+$G31/$H$22/12 -> 531.40847 | T31: =+$G31/$H$22/12 -> 531.40847 | U31: =SUM(I31:T31) -> 4618.158 | V31: =U31 -> 4618.158 | W31: =G31-V31 -> 33643.252
D33: =SUM(D22:D32) -> 197497 | E33: =SUM(E22:E32) -> 38261.41 | F33: =SUM(F22:F29) -> 0 | G33: =SUM(D33:F33) -> 235758.41 | I33: =SUM(I24:I32) -> 1134.3472 | J33: =SUM(J24:J32) -> 1049.5006 | K33: =SUM(K24:K32) -> 765.68056 | L33: =SUM(L24:L32) -> 1132.5708 | M33: =SUM(M24:M32) -> 1297.089 | N33: =SUM(N24:N32) -> 1297.089 | O33: =SUM(O24:O32) -> 721.89458 | P33: =SUM(P24:P32) -> 721.89458 | ... W33: =SUM(W24:W32) -> 39276.431
A35: Date | B35: Reference | C35: Description | D35: Cost | E35: Additions | F35: Disp | G35: Total | H35: Per | I35: 45747 | J35: 45777 | K35: 45808 | L35: 45838 | M35: 45869 | N35: 45900 | O35: 45930 | P35: 45961 | Q35: 45991 | R35: 46022 | S35: 46053 | T35: 46081 | U35: Depn for Year | V35: Accum Depn | W35: NBV 2024
A36: 6300>020 (Motor Vehicles>Cost) | H36: 5 | I36: =+A36 -> 6300>020 (Motor Vehicles>Cost)
A38: 42860 | B38: 89009640 | C38: Rivonia Toyota: Corolla Quest 1.6 AT | D38: ='FAR21'!G31 -> 255969.92 | G38: =+D38+E38-F38 -> 255969.92 | I38: 0 | J38: 0 | K38: 0 | L38: 0 | M38: 0 | N38: 0 | O38: 0 | P38: 0 | Q38: 0 | R38: 0 | S38: 0 | T38: 0 | U38: =SUM(I38:T38) -> 0 | V38: ='FAR25'!V35+U38 -> 255969.92 | W38: =+G38-V38 -> 0.00058264844
D40: =SUM(D38) -> 255969.92 | E40: =SUM(E38) -> 0 | F40: =SUM(F38) -> 0 | G40: =SUM(D40:F40) -> 255969.92 | I40: =SUM(I38) -> 0 | J40: =SUM(J38) -> 0 | K40: =SUM(K38) -> 0 | L40: =SUM(L38) -> 0 | M40: =SUM(M38) -> 0 | N40: =SUM(N38) -> 0 | O40: =SUM(O38) -> 0 | P40: =SUM(P38) -> 0 | ... W40: =SUM(W38) -> 0.00058264844
A43: Date | B43: Reference | C43: Description | D43: Cost | E43: Additions | F43: Disp | G43: Total | H43: Per | I43: 45747 | J43: 45777 | K43: 45808 | L43: 45838 | M43: 45869 | N43: 45900 | O43: 45930 | P43: 45961 | Q43: 45991 | R43: 46022 | S43: 46053 | T43: 46081 | U43: Depn for Year | V43: Accum Depn | W43: NBV 2024
A44: 6400>020 (Office Equipment>Cost) | I44: =+A44 -> 6400>020 (Office Equipment>Cost)
H45: 6
A46: 45139 | B46: Boardroom Upgrade1 | C46: Boardroom: Yearlink Microsoft V/C (Speaker) | D46: 44100 | G46: 44100 | I46: =+$G46/$H$45/12 -> 612.5 | J46: =+$G46/$H$45/12 -> 612.5 | K46: =+$G46/$H$45/12 -> 612.5 | L46: =+$G46/$H$45/12 -> 612.5 | M46: =+$G46/$H$45/12 -> 612.5 | N46: =+$G46/$H$45/12 -> 612.5 | O46: =+$G46/$H$45/12 -> 612.5 | P46: =+$G46/$H$45/12 -> 612.5 | ... T46: =+$G46/$H$45/12 -> 612.5 | U46: =SUM(I46:T46) -> 7350 | V46: ='FAR25'!V43+U46 -> 18987.5 | W46: =G46-V46 -> 25112.5
A47: 45870 | B47: INV59193 | C47: Hardware, HDMI Extender Cables | E47: 4021.04 | G47: 4021.06 | I47: 0 | J47: 0 | K47: 0 | L47: 0 | M47: 0 | N47: =+$G47/$H$45/12 -> 55.848056 | O47: =+$G47/$H$45/12 -> 55.848056 | P47: =+$G47/$H$45/12 -> 55.848056 | Q47: =+$G47/$H$45/12 -> 55.848056 | R47: =+$G47/$H$45/12 -> 55.848056 | S47: =+$G47/$H$45/12 -> 55.848056 | T47: =+$G47/$H$45/12 -> 55.848056 | U47: =SUM(I47:T47) -> 390.93639 | V47: ='FAR25'!V44+U47 -> 390.93639 | W47: =G47-V47 -> 3630.1236
A48: 45903 | B48: IN600470 | C48: UPS Upgrade | E48: 33677.14 | G48: 33677.14 | I48: 0 | J48: 0 | K48: 0 | L48: 0 | M48: 0 | N48: 0 | O48: =+$G48/$H$45/365*(30-3) -> 415.19762 | P48: =+$G48/$H$45/12 -> 467.73806 | Q48: =+$G48/$H$45/12 -> 467.73806 | R48: =+$G48/$H$45/12 -> 467.73806 | S48: =+$G48/$H$45/12 -> 467.73806 | T48: =+$G48/$H$45/12 -> 467.73806 | U48: =SUM(I48:T48) -> 2753.8879 | V48: =U48 -> 2753.8879 | W48: =G48-V48 -> 30923.252
A49: 45926 | B49: INV60156 | C49: Aruba Ion 1830 (4x POE) 65W Switch | E49: 3353.4 | G49: =E49 -> 3353.4 | O49: =+$G49/$H$45/365*(30-26) -> 6.1249315 | P49: =+$G49/$H$45/12 -> 46.575 | Q49: =+$G49/$H$45/12 -> 46.575 | R49: =+$G49/$H$45/12 -> 46.575 | S49: =+$G49/$H$45/12 -> 46.575 | T49: =+$G49/$H$45/12 -> 46.575 | U49: =SUM(I49:T49) -> 238.99993 | V49: =U49 -> 238.99993 | W49: =G49-V49 -> 3114.4001
D51: =SUM(D46:D50) -> 44100 | E51: =SUM(E46:E50) -> 41051.58 | G51: =SUM(G46:G50) -> 85151.6 | I51: =SUM(I46:I50) -> 612.5 | J51: =SUM(J46:J50) -> 612.5 | K51: =SUM(K46:K50) -> 612.5 | L51: =SUM(L46:L50) -> 612.5 | M51: =SUM(M46:M50) -> 612.5 | N51: =SUM(N46:N50) -> 668.34806 | O51: =SUM(O46:O50) -> 1089.6706 | P51: =SUM(P46:P50) -> 1182.6611 | ... W51: =SUM(W46:W50) -> 62780.276
A53: Date | B53: Reference | C53: Description | D53: Cost | E53: Additions | F53: Disp | G53: Total | H53: Per | I53: 45747 | J53: 45777 | K53: 45808 | L53: 45838 | M53: 45869 | N53: 45900 | O53: 45930 | P53: 45961 | Q53: 45991 | R53: 46022 | S53: 46053 | T53: 46081 | U53: Depn for Year | V53: Accum Depn | W53: NBV 2024
A54: 6150>020 (Computer Software>Cost) | I54: =+A54 -> 6150>020 (Computer Software>Cost)
H55: 3
A56: 45371 | B56: IN100607 | C56: SAGE BI Advance Module | D56: 27173.91 | G56: 27173.91 | I56: =+$G56/$H$55/12 -> 754.83083 | J56: =+$G56/$H$55/12 -> 754.83083 | K56: =+$G56/$H$55/12 -> 754.83083 | L56: =+$G56/$H$55/12 -> 754.83083 | M56: =+$G56/$H$55/12 -> 754.83083 | N56: =+$G56/$H$55/12 -> 754.83083 | O56: =+$G56/$H$55/12 -> 754.83083 | P56: =+$G56/$H$55/12 -> 754.83083 | ... T56: =+$G56/$H$55/12 -> 754.83083 | U56: =SUM(I56:T56) -> 9057.97 | V56: ='FAR25'!V50+U56 -> 17609.273 | W56: =G56-V56 -> 9564.6373
D58: =D56 -> 27173.91 | E58: =E56 | F58: =F56 | G58: =G56 -> 27173.91 | I58: =I56 -> 754.83083 | J58: =J56 -> 754.83083 | K58: =K56 -> 754.83083 | L58: =L56 -> 754.83083 | M58: =M56 -> 754.83083 | N58: =N56 -> 754.83083 | O58: =O56 -> 754.83083 | P58: =P56 -> 754.83083 | ... W58: =W56 -> 9564.6373
A60: Grand Total | D60: =D19+D33+D40+D58 -> 764104.48 | E60: =E19+E33+E40+E51 -> 86390.59 | F60: =F19+F33+F40 -> 0 | G60: =G19+G33+G40+G51+G58 -> 894595.09 | I60: =I19+I33+I40+I51+I58 -> 3050.7969 | J60: =J19+J33+J40+J51+J58 -> 2965.9503 | K60: =K19+K33+K40+K51+K58 -> 2335.995 | L60: =L19+L33+L40+L51+L58 -> 2702.8852 | M60: =M19+M33+M40+M51+M58 -> 3003.1383 | N60: =N19+N33+N40+N51+N58 -> 3119.8515 | O60: =O19+O33+O40+O51+O58 -> 2965.9796 | P60: =P19+P33+P40+P51+P58 -> 3058.9701 | ... T60: =T19+T33+T40+T51+T58 -> 3058.9701 | U60: =U19+U33+U40 -> 15647.653 | V60: =V19+V33+V40 -> 732222.26 | W60: =W19+W33+W40 -> 50047.319

Sheet FAR27
A1: FAR MRC Management Services
A3: Ledger Accounts: MARCH 2023 - FEBRUARY 2024
A4: Date | B4: Reference | C4: Description | D4: Cost (ExVAT) | E4: Additions | F4: Disp | G4: Total | H4: Per | I4: 46112 | J4: 46142 | K4: 46173 | L4: 46203 | M4: 46234 | N4: 46265 | O4: 46295 | P4: 46326 | Q4: 46356 | R4: 46387 | S4: 46418 | T4: 46446 | U4: Depn for Year | V4: Accum Depn | W4: NBV 2026
A6: 6100>020 (Computer Equipment>Cost) | I6: =+A6 -> 6100>020 (Computer Equipment>Cost)
H7: 3
A8: 42825 | B8: 18431 | C8: SevenC - 2 X HP Desktop CPU (AP & EM) | D8: ='FAR21'!G8 -> 16077.6 | G8: =+D8+E8-F8 -> 16077.6 | I8: 0 | J8: 0 | K8: 0 | L8: 0 | M8: 0 | N8: 0 | O8: 0 | P8: 0 | Q8: 0 | R8: 0 | S8: 0 | T8: 0 | U8: =SUM(I8:T8) -> 0 | V8: ='FAR26'!V8+U8 -> 16077.6 | W8: =+G8-V8 -> 0
A9: 42825 | B9: 18431 | C9: SevenC - HP ProBook 450 G4 Laptop (JN) | D9: ='FAR21'!G9 -> 10078.8 | G9: =+D9+E9-F9 -> 10078.8 | I9: 0 | J9: 0 | K9: 0 | L9: 0 | M9: 0 | N9: 0 | O9: 0 | P9: 0 | Q9: 0 | R9: 0 | S9: 0 | T9: 0 | U9: =SUM(I9:T9) -> 0 | V9: ='FAR25'!V9+U9 -> 10078.8 | W9: =+G9-V9 -> 0
A10: 43046 | B10: INA90085 | C10: Heart FM - CBA/Polycom System / VC | D10: ='FAR21'!G10 -> 52651 | G10: =+D10+E10-F10 -> 52651 | I10: 0 | J10: 0 | K10: 0 | L10: 0 | M10: 0 | N10: 0 | O10: 0 | P10: 0 | Q10: 0 | R10: 0 | S10: 0 | T10: 0 | U10: =SUM(I10:T10) -> 0 | V10: ='FAR25'!V10+U10 -> 52651.004 | W10: =+G10-V10 -> -0.0036377473
A11: 43160 | B11: 21643 | C11: SevenC - 6 X HP Desktop & Keyboards | D11: ='FAR21'!G11 -> 92322.7 | G11: =+D11+E11-F11 -> 92322.7 | I11: 0 | J11: 0 | K11: 0 | L11: 0 | M11: 0 | N11: 0 | O11: 0 | P11: 0 | Q11: 0 | R11: 0 | S11: 0 | T11: 0 | U11: =SUM(I11:T11) -> 0 | V11: ='FAR25'!V11+U11 -> 92322.7 | W11: =+G11-V11 -> 0
A12: 44144 | B12: INV33588 | C12: SevenC - Server: Dell PowerEdge R440 | D12: ='FAR21'!G12 -> 92565.27 | G12: =+D12+E12-F12 -> 92565.27 | I12: 0 | J12: 0 | K12: 0 | L12: 0 | M12: 0 | N12: 0 | O12: 0 | P12: 0 | Q12: 0 | R12: 0 | S12: 0 | T12: 0 | U12: =SUM(I12:T12) -> 0 | V12: ='FAR25'!V12+U12 -> 92565.27 | W12: =+G12-V12 -> 0
A13: 45020 | B13: INV45459 | C13: HP450 G8 CI5-1135G7 8GB 512GB 15.6 FHD UWWVA - Damaged | D13: 12460.87 | G13: =D13 -> 12460.87 | I13: 0 | J13: 0 | K13: 0 | L13: 0 | M13: 0 | N13: 0 | O13: 0 | P13: 0 | Q13: 0 | R13: 0 | S13: 0 | T13: 0 | U13: =SUM(I13:T13) -> 0 | V13: 0 | W13: 0
A14: 45020 | B14: INV45459 | C14: HP450 G8 CI5-1135G7 8GB 512GB 15.6 FHD UWWVA - Damaged | D14: -12460.87 | G14: =D14 -> -12460.87 | I14: 0 | J14: 0 | K14: 0 | L14: 0 | M14: 0 | N14: 0 | O14: 0 | P14: 0 | Q14: 0 | R14: 0 | S14: 0 | T14: 0 | U14: =SUM(I14:T14) -> 0 | V14: 0 | W14: 0
A15: 45188 | B15: INV47999 | C15: Dell E2424HS 60.5cm, FHD VA LED Monitor | D15: 7307.41 | G15: =D15 -> 7307.41 | I15: =+$G15/$H$7/12 -> 202.98361 | J15: =+$G15/$H$7/12 -> 202.98361 | K15: =+$G15/$H$7/12 -> 202.98361 | U15: =SUM(I15:T15) -> 608.95083 | V15: ='FAR26'!V14+U15 -> 6568.8833 | W15: =+G15-V15 -> 738.52667
A16: 45848 | B16: INV59111 | C16: Server Hard Drive - Dell Gen14 1.2TB 10K 12Gb/s | D16: 7077.6 | G16: =D16 -> 7077.6 | I16: =+$G16/$H$7/12 -> 196.6 | J16: =+$G16/$H$7/12 -> 196.6 | K16: =+$G16/$H$7/12 -> 196.6 | U16: =SUM(I16:T16) -> 589.8 | V16: ='FAR26'!V15+U16 -> 2101.7348 | W16: =+G16-V16 -> 4975.8652
A19: (Brought to used in March 21)
D20: =SUM(D6:D19) -> 278080.38 | E20: =SUM(E6:E19) -> 0 | G20: =SUM(G8:G19) -> 278080.38 | I20: =SUM(I8:I19) -> 399.58361 | J20: =SUM(J8:J19) -> 399.58361 | K20: =SUM(K8:K19) -> 399.58361 | L20: =SUM(L8:L19) -> 0 | M20: =SUM(M8:M19) -> 0 | N20: =SUM(N8:N19) -> 0 | O20: =SUM(O8:O19) -> 0 | P20: =SUM(P8:P19) -> 0 | ... W20: =SUM(W8:W19) -> 5714.3882
A22: Date | B22: Reference | C22: Description | D22: Cost | E22: Additions | F22: Disp | G22: Total | H22: Per | I22: 46112 | J22: 46142 | K22: 46173 | L22: 46203 | M22: 46234 | N22: 46265 | O22: 46295 | P22: 46326 | Q22: 46356 | R22: 46387 | S22: 46418 | T22: 46446 | U22: Depn for Year | V22: Accum Depn | W22: NBV 2026
A23: 6200>020 (Furniture & Fittings>Cost) | H23: 6 | I23: =+A23 -> 6200>020 (Furniture & Fittings>Cost)
A25: 42836 | B25: 30110 | C25: BFS - 15 X Roberto High Back Chairs | D25: ='FAR21'!G19 -> 52250 | G25: =+D25+E25-F25 -> 52250 | I25: 0 | J25: 0 | K25: 0 | L25: 0 | M25: 0 | N25: 0 | O25: 0 | P25: 0 | Q25: 0 | R25: 0 | S25: 0 | T25: 0 | U25: =SUM(I25:T25) -> 0 | V25: ='FAR25'!V22+U25 -> 52249.996 | W25: =+G25-V25 -> 0.0039421613
A26: 43165 | B26: Piyox-TV | C26: Boardroom TV - Samsung 75" UHD | D26: ='FAR21'!G20 -> 44144 | G26: =+D26+E26-F26 -> 44144 | I26: 0 | J26: 0 | K26: 0 | L26: 0 | M26: 0 | N26: 0 | O26: 0 | P26: 0 | Q26: 0 | R26: 0 | S26: 0 | T26: 0 | U26: =SUM(I26:T26) -> 0 | V26: ='FAR25'!V23+U26 -> 44143.996 | W26: =+G26-V26 -> 0.0041704718
A27: 43179 | B27: 32006 | C27: BFS - 5 X Roberto High Back Chairs | D27: ='FAR21'!G21 -> 19430 | G27: =+D27+E27-F27 -> 19430 | I27: 0 | J27: 0 | K27: 0 | L27: 0 | M27: 0 | N27: 0 | O27: 0 | P27: 0 | Q27: 0 | R27: 0 | S27: 0 | T27: 0 | U27: =SUM(I27:T27) -> 0 | V27: ='FAR25'!V24+U27 -> 19430.002 | W27: =+G27-V27 -> -0.0024961948
A28: 43578 | B28: INV00651 | C28: C & D Design - Boardroom Table | D28: ='FAR21'!G22 -> 26544 | G28: =+D28+E28-F28 -> 26544 | I28: 0 | J28: 0 | K28: 0 | L28: 0 | M28: 0 | N28: 0 | O28: 0 | P28: 0 | Q28: 0 | R28: 0 | S28: 0 | T28: 0 | U28: =SUM(I28:T28) -> 0 | V28: ='FAR26'!V27 -> 26543.997 | W28: =+G28-V28 -> 0.0028310502
A29: 43710 | B29: 34825 | C29: BFS - 4 X Roberto High Back Chairs | D29: ='FAR21'!G23 -> 15767 | G29: =+D29+E29-F29 -> 15767 | I29: 0 | J29: 0 | K29: 0 | L29: 0 | M29: 0 | N29: 0 | O29: 0 | P29: 0 | Q29: 0 | R29: 0 | S29: 0 | T29: 0 | U29: =SUM(I29:T29) -> 0 | V29: ='FAR26'!V28 -> 15767 | W29: =+G29-V29 -> 0
A30: 43710 | B30: 34825 | C30: BFS - 10 X Pasquale Visitors Arm Chairs | D30: ='FAR21'!G24 -> 25647 | G30: =+D30+E30-F30 -> 25647 | I30: 0 | J30: 0 | K30: 0 | L30: 0 | M30: 0 | N30: 0 | O30: 0 | P30: 0 | Q30: 0 | R30: 0 | S30: 0 | T30: 0 | U30: =SUM(I30:T30) -> 0 | V30: ='FAR26'!V29 -> 25647 | W30: =+G30-V30 -> 0
A31: 44791 | B31: Piyox-TV | C31: Samsung 55" TV - Crystal UHD Smart TV | D31: 13715 | G31: 13715 | I31: =+$G31/$H$23/12 -> 190.48611 | J31: =+$G31/$H$23/12 -> 190.48611 | K31: =+$G31/$H$23/12 -> 190.48611 | U31: =SUM(I31:T31) -> 571.45833 | V31: ='FAR26'!V30+U31 -> 8653.2882 | W31: =G31-V31 -> 5061.7118
A32: 45817 | B32: INV58966 | C32: Data Point Installation & HPE Networking | D32: 38261.41 | G32: 38261.41 | I32: =+$G32/$H$23/12 -> 531.40847 | J32: =+$G32/$H$23/12 -> 531.40847 | K32: =+$G32/$H$23/12 -> 531.40847 | U32: =SUM(I32:T32) -> 1594.2254 | V32: ='FAR26'!V31+U32 -> 6212.3834 | W32: =G32-V32 -> 32049.027
D34: =SUM(D23:D33) -> 235758.41 | E34: =SUM(E23:E33) -> 0 | F34: =SUM(F23:F30) -> 0 | G34: =SUM(D34:F34) -> 235758.41 | I34: =SUM(I25:I33) -> 721.89458 | J34: =SUM(J25:J33) -> 721.89458 | K34: =SUM(K25:K33) -> 721.89458 | L34: =SUM(L25:L33) -> 0 | M34: =SUM(M25:M33) -> 0 | N34: =SUM(N25:N33) -> 0 | O34: =SUM(O25:O33) -> 0 | P34: =SUM(P25:P33) -> 0 | ... W34: =SUM(W25:W33) -> 37110.747
A36: Date | B36: Reference | C36: Description | D36: Cost | E36: Additions | F36: Disp | G36: Total | H36: Per | I36: 46112 | J36: 46142 | K36: 46173 | L36: 46203 | M36: 46234 | N36: 46265 | O36: 46295 | P36: 46326 | Q36: 46356 | R36: 46387 | S36: 46418 | T36: 46446 | U36: Depn for Year | V36: Accum Depn | W36: NBV 2026
A37: 6300>020 (Motor Vehicles>Cost) | H37: 5 | I37: =+A37 -> 6300>020 (Motor Vehicles>Cost)
A39: 42860 | B39: 89009640 | C39: Rivonia Toyota: Corolla Quest 1.6 AT | D39: ='FAR21'!G31 -> 255969.92 | G39: =+D39+E39-F39 -> 255969.92 | I39: 0 | J39: 0 | K39: 0 | L39: 0 | M39: 0 | N39: 0 | O39: 0 | P39: 0 | Q39: 0 | R39: 0 | S39: 0 | T39: 0 | U39: =SUM(I39:T39) -> 0 | V39: ='FAR25'!V35+U39 -> 255969.92 | W39: =+G39-V39 -> 0.00058264844
D41: =SUM(D39) -> 255969.92 | E41: =SUM(E39) -> 0 | F41: =SUM(F39) -> 0 | G41: =SUM(D41:F41) -> 255969.92 | I41: =SUM(I39) -> 0 | J41: =SUM(J39) -> 0 | K41: =SUM(K39) -> 0 | L41: =SUM(L39) -> 0 | M41: =SUM(M39) -> 0 | N41: =SUM(N39) -> 0 | O41: =SUM(O39) -> 0 | P41: =SUM(P39) -> 0 | ... W41: =SUM(W39) -> 0.00058264844
A44: Date | B44: Reference | C44: Description | D44: Cost | E44: Additions | F44: Disp | G44: Total | H44: Per | I44: 46112 | J44: 46142 | K44: 46173 | L44: 46203 | M44: 46234 | N44: 46265 | O44: 46295 | P44: 46326 | Q44: 46356 | R44: 46387 | S44: 46418 | T44: 46446 | U44: Depn for Year | V44: Accum Depn | W44: NBV 2026
A45: 6400>020 (Office Equipment>Cost) | I45: =+A45 -> 6400>020 (Office Equipment>Cost)
H46: 6
A47: 45139 | B47: Boardroom Upgrade1 | C47: Boardroom: Yearlink Microsoft V/C (Speaker) | D47: 44100 | G47: 44100 | I47: =+$G47/$H$46/12 -> 612.5 | J47: =+$G47/$H$46/12 -> 612.5 | K47: =+$G47/$H$46/12 -> 612.5 | U47: =SUM(I47:T47) -> 1837.5 | V47: ='FAR26'!V46+U47 -> 20825 | W47: =G47-V47 -> 23275
A48: 45870 | B48: INV59193 | C48: Hardware, HDMI Extender Cables | D48: 4021.04 | G48: 4021.06 | I48: =+$G48/$H$46/12 -> 55.848056 | J48: =+$G48/$H$46/12 -> 55.848056 | K48: =+$G48/$H$46/12 -> 55.848056 | U48: =SUM(I48:T48) -> 167.54417 | V48: ='FAR26'!V47+U48 -> 558.48056 | W48: =G48-V48 -> 3462.5794
A49: 45903 | B49: IN600470 | C49: UPS Upgrade | D49: 33677.14 | G49: 33677.14 | I49: =+$G49/$H$46/12 -> 467.73806 | J49: =+$G49/$H$46/12 -> 467.73806 | K49: =+$G49/$H$46/12 -> 467.73806 | U49: =SUM(I49:T49) -> 1403.2142 | V49: ='FAR26'!V48+U49 -> 4157.1021 | W49: =G49-V49 -> 29520.038
A50: 45926 | B50: INV60156 | C50: Aruba Ion 1830 (4x POE) 65W Switch | D50: 3353.4 | G50: =D50 -> 3353.4 | I50: =+$G50/$H$46/12 -> 46.575 | J50: =+$G50/$H$46/12 -> 46.575 | K50: =+$G50/$H$46/12 -> 46.575 | U50: =SUM(I50:T50) -> 139.725 | V50: ='FAR26'!V49+U50 -> 378.72493 | W50: =G50-V50 -> 2974.6751
D52: =SUM(D47:D51) -> 85151.58 | E52: =SUM(E47:E51) -> 0 | G52: =SUM(G47:G51) -> 85151.6 | I52: =SUM(I47:I51) -> 1182.6611 | J52: =SUM(J47:J51) -> 1182.6611 | K52: =SUM(K47:K51) -> 1182.6611 | L52: =SUM(L47:L51) -> 0 | M52: =SUM(M47:M51) -> 0 | N52: =SUM(N47:N51) -> 0 | O52: =SUM(O47:O51) -> 0 | P52: =SUM(P47:P51) -> 0 | ... W52: =SUM(W47:W51) -> 59232.292
A54: Date | B54: Reference | C54: Description | D54: Cost | E54: Additions | F54: Disp | G54: Total | H54: Per | I54: 46112 | J54: 46142 | K54: 46173 | L54: 46203 | M54: 46234 | N54: 46265 | O54: 46295 | P54: 46326 | Q54: 46356 | R54: 46387 | S54: 46418 | T54: 46446 | U54: Depn for Year | V54: Accum Depn | W54: NBV 2026
A55: 6150>020 (Computer Software>Cost) | I55: =+A55 -> 6150>020 (Computer Software>Cost)
H56: 3
A57: 45371 | B57: IN100607 | C57: SAGE BI Advance Module | D57: 27173.91 | G57: 27173.91 | I57: =+$G57/$H$56/12 -> 754.83083 | J57: =+$G57/$H$56/12 -> 754.83083 | K57: =+$G57/$H$56/12 -> 754.83083 | U57: =SUM(I57:T57) -> 2264.4925 | V57: ='FAR26'!V56+U57 -> 19873.765 | W57: =G57-V57 -> 7300.1448
D59: =D57 -> 27173.91 | E59: =E57 | F59: =F57 | G59: =G57 -> 27173.91 | I59: =I57 -> 754.83083 | J59: =J57 -> 754.83083 | K59: =K57 -> 754.83083 | L59: =L57 | M59: =M57 | N59: =N57 | O59: =O57 | P59: =P57 | ... W59: =W57 -> 7300.1448
A61: Grand Total | D61: =D20+D34+D41+D59 -> 796982.62 | E61: =E20+E34+E41+E52 -> 0 | F61: =F20+F34+F41 -> 0 | G61: =G20+G34+G41+G52+G59 -> 882134.22 | I61: =I20+I34+I41+I52+I59 -> 3058.9701 | J61: =J20+J34+J41+J52+J59 -> 3058.9701 | K61: =K20+K34+K41+K52+K59 -> 3058.9701 | L61: =L20+L34+L41+L52+L59 -> 0 | M61: =M20+M34+M41+M52+M59 -> 0 | N61: =N20+N34+N41+N52+N59 -> 0 | O61: =O20+O34+O41+O52+O59 -> 0 | P61: =P20+P34+P41+P52+P59 -> 0 | ... T61: =T20+T34+T41+T52+T59 -> 0 | U61: =U20+U34+U41 -> 3364.4346 | V61: =V20+V34+V41 -> 726983.57 | W61: =W20+W34+W41 -> 42825.136

Sheet FAR26 detailed
A1: FAR MRC Management Services
A3: Ledger Accounts: MARCH 2023 - FEBRUARY 2024
A4: Date | B4: Reference | C4: Asset Number | D4: Description | E4: Cost (ExVAT) | F4: Additions | G4: Disp | H4: Total | I4: Per | J4: 45747 | K4: 45777 | L4: 45808 | M4: 45838 | N4: 45869 | O4: 45900 | P4: 45930 | Q4: 45961 | R4: 45991 | S4: 46022 | T4: 46053 | U4: 46081 | V4: Depn for Year | W4: Accum Depn | X4: NBV 2024
A6: 6100>020 (Computer Equipment>Cost) | J6: =+A6 -> 6100>020 (Computer Equipment>Cost)
I7: 3
A8: 42825 | B8: 18431 | C8: CE-17431-001 | D8: SevenC - HP Desktop CPU (AP & EM) | E8: 8038.8 | H8: =+E8+F8-G8 -> 8038.8 | J8: 0 | K8: 0 | L8: 0 | V8: =SUM(J8:U8) -> 0 | W8: 8038.8 | X8: =+H8-W8 -> 0
A9: 42825 | B9: 18431 | C9: CE-17431-002 | D9: SevenC - HP Desktop CPU (AP & EM) | E9: 8038.8 | H9: =+E9+F9-G9 -> 8038.8 | W9: 8038.8 | X9: =+H9-W9 -> 0
A10: 42825 | B10: 18431 | C10: CE-17431-003 | D10: SevenC - HP ProBook 450 G4 Laptop (JN) | E10: ='FAR21'!G9 -> 10078.8 | H10: =+E10+F10-G10 -> 10078.8 | J10: 0 | K10: 0 | L10: 0 | V10: =SUM(J10:U10) -> 0 | W10: ='FAR25'!V9+V10 -> 10078.8 | X10: =+H10-W10 -> 0
A11: 43046 | B11: INA90085 | C11: CE-17INA-004 | D11: Heart FM - CBA/Polycom System / VC | E11: ='FAR21'!G10 -> 52651 | H11: =+E11+F11-G11 -> 52651 | J11: 0 | K11: 0 | L11: 0 | V11: =SUM(J11:U11) -> 0 | W11: ='FAR25'!V10+V11 -> 52651.004 | X11: =+H11-W11 -> -0.0036377473
A12: 43160 | B12: 21643 | C12: CE-18643-005 | D12: SevenC HP Desktop & Keyboards | E12: 15387.117 | H12: =+E12+F12-G12 -> 15387.117 | J12: 0 | K12: 0 | L12: 0 | V12: =SUM(J12:U12) -> 0 | W12: 15387.117 | X12: =+H12-W12 -> 0
A13: 43160 | B13: 21643 | C13: CE-18643-006 | D13: SevenC HP Desktop & Keyboards | E13: 15387.117 | H13: =+E13+F13-G13 -> 15387.117 | W13: 15387.117 | X13: =+H13-W13 -> 0
A14: 43160 | B14: 21643 | C14: CE-18643-007 | D14: SevenC HP Desktop & Keyboards | E14: 15387.117 | H14: =+E14+F14-G14 -> 15387.117 | W14: 15387.117 | X14: =+H14-W14 -> 0
A15: 43160 | B15: 21643 | C15: CE-18643-008 | D15: SevenC HP Desktop & Keyboards | E15: 15387.117 | H15: =+E15+F15-G15 -> 15387.117 | W15: 15387.117 | X15: =+H15-W15 -> 0
A16: 43160 | B16: 21643 | C16: CE-18643-009 | D16: SevenC HP Desktop & Keyboards | E16: 15387.117 | H16: =+E16+F16-G16 -> 15387.117 | W16: 15387.117 | X16: =+H16-W16 -> 0
A17: 43160 | B17: 21643 | C17: CE-18643-010 | D17: SevenC HP Desktop & Keyboards | E17: 15387.117 | H17: =+E17+F17-G17 -> 15387.117 | W17: 15387.117 | X17: =+H17-W17 -> 0
A18: 44144 | B18: INV33588 | C18: CE-20INV-011 | D18: SevenC - Server: Dell PowerEdge R440 | E18: ='FAR21'!G12 -> 92565.27 | H18: =+E18+F18-G18 -> 92565.27 | J18: 0 | K18: 0 | L18: 0 | M18: 0 | N18: 0 | O18: 0 | P18: 0 | Q18: 0 | R18: 0 | S18: 0 | T18: 0 | U18: 0 | V18: =SUM(J18:U18) -> 0 | W18: ='FAR25'!V12+V18 -> 92565.27 | X18: =+H18-W18 -> 0
A19: 45020 | B19: INV45459 | C19: CE-23INV-012 | D19: HP450 G8 CI5-1135G7 8GB 512GB 15.6 FHD UWWVA - Damaged | E19: 12460.87 | H19: =E19 -> 12460.87 | J19: =+$H19/$I$7/12 -> 346.13528 | K19: =+$H19/$I$7/12 -> 346.13528 | L19: 0 | M19: 0 | N19: 0 | O19: 0 | P19: 0 | Q19: 0 | R19: 0 | S19: 0 | T19: 0 | U19: 0 | V19: =SUM(J19:U19) -> 692.27056 | W19: ='FAR25'!V13+V19 -> 8603.1212 | X19: =+H19-W19 -> 3857.7488 | Z19: 1315.3348
A20: 45188 | B20: INV47999 | C20: CE-23INV-013 | D20: Dell E2424HS 60.5cm, FHD VA LED Monitor | E20: 7307.41 | H20: =E20 -> 7307.41 | J20: =+$H20/$I$7/12 -> 202.98361 | K20: =+$H20/$I$7/12 -> 202.98361 | L20: =+$H20/$I$7/12 -> 202.98361 | M20: =+$H20/$I$7/12 -> 202.98361 | N20: =+$H20/$I$7/12 -> 202.98361 | O20: =+$H20/$I$7/12 -> 202.98361 | P20: =+$H20/$I$7/12 -> 202.98361 | Q20: =+$H20/$I$7/12 -> 202.98361 | ... U20: =+$H20/$I$7/12 -> 202.98361 | V20: =SUM(J20:U20) -> 2435.8033 | W20: ='FAR25'!V14+V20 -> 5959.9325 | X20: =+H20-W20 -> 1347.4775
A21: 45848 | B21: INV59111 | C21: CE-25INV-014 | D21: Server Hard Drive - Dell Gen14 1.2TB 10K 12Gb/s | F21: 7077.6 | H21: =F21 -> 7077.6 | J21: 0 | K21: 0 | L21: 0 | M21: 0 | N21: =+$H21/$I$7/365*(31-10) -> 135.73479 | O21: =+$H21/$I$7/12 -> 196.6 | P21: =+$H21/$I$7/12 -> 196.6 | Q21: =+$H21/$I$7/12 -> 196.6 | R21: =+$H21/$I$7/12 -> 196.6 | S21: =+$H21/$I$7/12 -> 196.6 | T21: =+$H21/$I$7/12 -> 196.6 | U21: =+$H21/$I$7/12 -> 196.6 | V21: =SUM(J21:U21) -> 1511.9348 | W21: ='FAR25'!V15+V21 -> 1511.9348 | X21: =+H21-W21 -> 5565.6652
A24: (Brought to used in March 21)
E25: =SUM(E6:E24) -> 283463.65 | F25: =SUM(F6:F24) -> 7077.6 | H25: =SUM(H8:H24) -> 290541.25 | J25: =SUM(J8:J24) -> 549.11889 | K25: =SUM(K8:K24) -> 549.11889 | L25: =SUM(L8:L24) -> 202.98361 | M25: =SUM(M8:M24) -> 202.98361 | N25: =SUM(N8:N24) -> 338.71841 | O25: =SUM(O8:O24) -> 399.58361 | P25: =SUM(P8:P24) -> 399.58361 | Q25: =SUM(Q8:Q24) -> 399.58361 | ... X25: =SUM(X8:X24) -> 10770.888
E27: 283463.65 | F27: 7077.6 | H27: 290541.25 | J27: 549.11889 | K27: 549.11889 | L27: 202.98361 | M27: 202.98361 | N27: 338.71841 | O27: 399.58361 | P27: 399.58361 | Q27: 399.58361 | R27: 399.58361 | S27: 399.58361 | T27: 399.58361 | U27: 0 | V27: 4240.4251 | W27: 279370.78 | X27: 11170.471 | AA27: =+W27-W25 -> -399.58361 | AB27: =+W27-W25 -> -399.58361
A29: Date | B29: Reference | D29: Description | E29: Cost | F29: Additions | G29: Disp | H29: Total | I29: Per | J29: 45747 | K29: 45777 | L29: 45808 | M29: 45838 | N29: 45869 | O29: 45900 | P29: 45930 | Q29: 45961 | R29: 45991 | S29: 46022 | T29: 46053 | U29: 46081 | V29: Depn for Year | W29: Accum Depn | X29: NBV 2024
A30: 6200>020 (Furniture & Fittings>Cost) | I30: 6 | J30: =+A30 -> 6200>020 (Furniture & Fittings>Cost)
A32: 42836 | B32: 30110 | C32: FF-17110-001 | D32: BFS - Roberto High Back Chairs | E32: 3483.3333 | H32: =+E32+F32-G32 -> 3483.3333 | J32: 0 | K32: 0 | L32: 0 | M32: 0 | N32: 0 | O32: 0 | P32: 0 | Q32: 0 | R32: 0 | S32: 0 | T32: 0 | U32: 0 | V32: =SUM(J32:U32) -> 0 | W32: 3483.3333 | X32: =+H32-W32 -> 0
A33: 42836 | B33: 30110 | C33: FF-17110-002 | D33: BFS - Roberto High Back Chairs | E33: 3483.3333 | H33: =+E33+F33-G33 -> 3483.3333 | W33: 3483.3333 | X33: =+H33-W33 -> 0
A34: 42836 | B34: 30110 | C34: FF-17110-003 | D34: BFS - Roberto High Back Chairs | E34: 3483.3333 | H34: =+E34+F34-G34 -> 3483.3333 | W34: 3483.3333 | X34: =+H34-W34 -> 0
A35: 42836 | B35: 30110 | C35: FF-17110-004 | D35: BFS - Roberto High Back Chairs | E35: 3483.3333 | H35: =+E35+F35-G35 -> 3483.3333 | W35: 3483.3333 | X35: =+H35-W35 -> 0
A36: 42836 | B36: 30110 | C36: FF-17110-005 | D36: BFS - Roberto High Back Chairs | E36: 3483.3333 | H36: =+E36+F36-G36 -> 3483.3333 | W36: 3483.3333 | X36: =+H36-W36 -> 0
A37: 42836 | B37: 30110 | C37: FF-17110-006 | D37: BFS - Roberto High Back Chairs | E37: 3483.3333 | H37: =+E37+F37-G37 -> 3483.3333 | W37: 3483.3333 | X37: =+H37-W37 -> 0
A38: 42836 | B38: 30110 | C38: FF-17110-007 | D38: BFS - Roberto High Back Chairs | E38: 3483.3333 | H38: =+E38+F38-G38 -> 3483.3333 | W38: 3483.3333 | X38: =+H38-W38 -> 0
A39: 42836 | B39: 30110 | C39: FF-17110-008 | D39: BFS - Roberto High Back Chairs | E39: 3483.3333 | H39: =+E39+F39-G39 -> 3483.3333 | W39: 3483.3333 | X39: =+H39-W39 -> 0
A40: 42836 | B40: 30110 | C40: FF-17110-009 | D40: BFS - Roberto High Back Chairs | E40: 3483.3333 | H40: =+E40+F40-G40 -> 3483.3333 | W40: 3483.3333 | X40: =+H40-W40 -> 0
A41: 42836 | B41: 30110 | C41: FF-17110-010 | D41: BFS - Roberto High Back Chairs | E41: 3483.3333 | H41: =+E41+F41-G41 -> 3483.3333 | W41: 3483.3333 | X41: =+H41-W41 -> 0
A42: 42836 | B42: 30110 | C42: FF-17110-011 | D42: BFS - Roberto High Back Chairs | E42: 3483.3333 | H42: =+E42+F42-G42 -> 3483.3333 | W42: 3483.3333 | X42: =+H42-W42 -> 0
A43: 42836 | B43: 30110 | C43: FF-17110-012 | D43: BFS - Roberto High Back Chairs | E43: 3483.3333 | H43: =+E43+F43-G43 -> 3483.3333 | W43: 3483.3333 | X43: =+H43-W43 -> 0
A44: 42836 | B44: 30110 | C44: FF-17110-013 | D44: BFS - Roberto High Back Chairs | E44: 3483.3333 | H44: =+E44+F44-G44 -> 3483.3333 | W44: 3483.3333 | X44: =+H44-W44 -> 0
... A46: 42836 | B46: 30110 | C46: FF-17110-015 | D46: BFS - Roberto High Back Chairs | E46: 3483.3333 | H46: =+E46+F46-G46 -> 3483.3333 | W46: 3483.3333 | X46: =+H46-W46 -> 0
A47: 43165 | B47: Piyox-TV | C47: FF-18PIY-016 | D47: Boardroom TV - Samsung 75" UHD | E47: ='FAR21'!G20 -> 44144 | H47: =+E47+F47-G47 -> 44144 | J47: 0 | K47: 0 | L47: 0 | M47: 0 | N47: 0 | O47: 0 | P47: 0 | Q47: 0 | R47: 0 | S47: 0 | T47: 0 | U47: 0 | V47: =SUM(J47:U47) -> 0 | W47: ='FAR25'!V23+V47 -> 44143.996 | X47: =+H47-W47 -> 0.0041704718
A48: 43179 | B48: 32006 | C48: FF-18006-017 | D48: BFS - Roberto High Back Chairs | E48: ='FAR21'!G21/5 -> 3886 | H48: =+E48+F48-G48 -> 3886 | J48: 0 | K48: 0 | L48: 0 | M48: 0 | N48: 0 | O48: 0 | P48: 0 | Q48: 0 | R48: 0 | S48: 0 | T48: 0 | U48: 0 | V48: =SUM(J48:U48) -> 0 | W48: 3886 | X48: =+H48-W48 -> 0
A49: 43179 | B49: 32006 | C49: FF-18006-018 | D49: BFS - Roberto High Back Chairs | E49: 3886 | H49: =+E49+F49-G49 -> 3886 | W49: 3886 | X49: =+H49-W49 -> 0
A50: 43179 | B50: 32006 | C50: FF-18006-019 | D50: BFS - Roberto High Back Chairs | E50: 3886 | H50: =+E50+F50-G50 -> 3886 | W50: 3886 | X50: =+H50-W50 -> 0
A51: 43179 | B51: 32006 | C51: FF-18006-020 | D51: BFS - Roberto High Back Chairs | E51: 3886 | H51: =+E51+F51-G51 -> 3886 | W51: 3886 | X51: =+H51-W51 -> 0
A52: 43179 | B52: 32006 | C52: FF-18006-021 | D52: BFS - Roberto High Back Chairs | E52: 3886 | H52: =+E52+F52-G52 -> 3886 | W52: 3886 | X52: =+H52-W52 -> 0
A53: 43578 | B53: INV00651 | C53: FF-19651-022 | D53: C & D Design - Boardroom Table | E53: ='FAR21'!G22 -> 26544 | H53: =+E53+F53-G53 -> 26544 | J53: =+$H53/$I$30/12 -> 368.66667 | K53: 283.82 | L53: 0 | M53: 0 | N53: 0 | O53: 0 | P53: 0 | Q53: 0 | R53: 0 | S53: 0 | T53: 0 | U53: 0 | V53: =SUM(J53:U53) -> 652.48667 | W53: ='FAR25'!V25+V53 -> 26543.997 | X53: =+H53-W53 -> 0.0028310502
A54: 43711 | B54: 34825 | C54: FF-19825-023 | D54: BFS - Roberto High Back Chairs | E54: 3941.75 | H54: 3941.75 | J54: =+$H54/$I$30/12 -> 54.746528 | K54: =+$H54/$I$30/12 -> 54.746528 | L54: =+$H54/$I$30/12 -> 54.746528 | M54: =+$H54/$I$30/12 -> 54.746528 | N54: =+$H54/$I$30/12 -> 54.746528 | O54: =+$H54/$I$30/12 -> 54.746528 | P54: 0 | Q54: 0 | R54: 0 | S54: 0 | T54: 0 | U54: 0 | V54: =SUM(J54:U54) -> 328.47917 | W54: 3941.75 | X54: =+H54-W54 -> 0
A55: 43712 | B55: 34825 | C55: FF-19825-024 | D55: BFS - Roberto High Back Chairs | E55: 3941.75 | H55: =+E55+F55-G55 -> 3941.75 | J55: =+$H55/$I$30/12 -> 54.746528 | K55: =+$H55/$I$30/12 -> 54.746528 | L55: =+$H55/$I$30/12 -> 54.746528 | M55: =+$H55/$I$30/12 -> 54.746528 | N55: =+$H55/$I$30/12 -> 54.746528 | O55: =+$H55/$I$30/12 -> 54.746528 | P55: 0 | Q55: 0 | R55: 0 | S55: 0 | T55: 0 | U55: 0 | V55: =SUM(J55:U55) -> 328.47917 | W55: 3941.75 | X55: =+H55-W55 -> 0
A56: 43713 | B56: 34825 | C56: FF-19825-025 | D56: BFS - Roberto High Back Chairs | E56: 3941.75 | H56: =+E56+F56-G56 -> 3941.75 | J56: =+$H56/$I$30/12 -> 54.746528 | K56: =+$H56/$I$30/12 -> 54.746528 | L56: =+$H56/$I$30/12 -> 54.746528 | M56: =+$H56/$I$30/12 -> 54.746528 | N56: =+$H56/$I$30/12 -> 54.746528 | O56: =+$H56/$I$30/12 -> 54.746528 | P56: 0 | Q56: 0 | R56: 0 | S56: 0 | T56: 0 | U56: 0 | V56: =SUM(J56:U56) -> 328.47917 | W56: 3941.75 | X56: =+H56-W56 -> 0
A57: 43714 | B57: 34825 | C57: FF-19825-026 | D57: BFS - Roberto High Back Chairs | E57: 3941.75 | H57: =+E57+F57-G57 -> 3941.75 | J57: =+$H57/$I$30/12 -> 54.746528 | K57: =+$H57/$I$30/12 -> 54.746528 | L57: =+$H57/$I$30/12 -> 54.746528 | M57: =+$H57/$I$30/12 -> 54.746528 | N57: =+$H57/$I$30/12 -> 54.746528 | O57: =+$H57/$I$30/12 -> 54.746528 | P57: 0 | Q57: 0 | R57: 0 | S57: 0 | T57: 0 | U57: 0 | V57: =SUM(J57:U57) -> 328.47917 | W57: 3941.75 | X57: 0
A58: 43710 | B58: 34825 | C58: FF-19825-027 | D58: BFS - Pasquale Visitors Arm Chairs | E58: 2564.7 | H58: 2564.7 | J58: =+$H58/$I$30/12 -> 35.620833 | K58: =+$H58/$I$30/12 -> 35.620833 | L58: =+$H58/$I$30/12 -> 35.620833 | M58: =+$H58/$I$30/12 -> 35.620833 | N58: =+$H58/$I$30/12 -> 35.620833 | O58: =+$H58/$I$30/12 -> 35.620833 | P58: 0 | Q58: 0 | R58: 0 | S58: 0 | T58: 0 | U58: 0 | V58: 213.73 | W58: 2564.7 | X58: =+H58-W58 -> 0
A59: 43710 | B59: 34825 | C59: FF-19825-028 | D59: BFS - Pasquale Visitors Arm Chairs | E59: 2564.7 | H59: 2564.7 | J59: =+$H59/$I$30/12 -> 35.620833 | K59: =+$H59/$I$30/12 -> 35.620833 | L59: =+$H59/$I$30/12 -> 35.620833 | M59: =+$H59/$I$30/12 -> 35.620833 | N59: =+$H59/$I$30/12 -> 35.620833 | O59: =+$H59/$I$30/12 -> 35.620833 | P59: 0 | Q59: 0 | R59: 0 | S59: 0 | T59: 0 | U59: 0 | V59: 213.73 | W59: 2564.7 | X59: =+H59-W59 -> 0
A60: 43710 | B60: 34825 | C60: FF-19825-029 | D60: BFS - Pasquale Visitors Arm Chairs | E60: 2564.7 | H60: 2564.7 | J60: =+$H60/$I$30/12 -> 35.620833 | K60: =+$H60/$I$30/12 -> 35.620833 | L60: =+$H60/$I$30/12 -> 35.620833 | M60: =+$H60/$I$30/12 -> 35.620833 | N60: =+$H60/$I$30/12 -> 35.620833 | O60: =+$H60/$I$30/12 -> 35.620833 | P60: 0 | Q60: 0 | R60: 0 | S60: 0 | T60: 0 | U60: 0 | V60: 213.73 | W60: 2564.7 | X60: =+H60-W60 -> 0
A61: 43710 | B61: 34825 | C61: FF-19825-030 | D61: BFS - Pasquale Visitors Arm Chairs | E61: 2564.7 | H61: 2564.7 | J61: =+$H61/$I$30/12 -> 35.620833 | K61: =+$H61/$I$30/12 -> 35.620833 | L61: =+$H61/$I$30/12 -> 35.620833 | M61: =+$H61/$I$30/12 -> 35.620833 | N61: =+$H61/$I$30/12 -> 35.620833 | O61: =+$H61/$I$30/12 -> 35.620833 | P61: 0 | Q61: 0 | R61: 0 | S61: 0 | T61: 0 | U61: 0 | V61: 213.73 | W61: 2564.7 | X61: =+H61-W61 -> 0
A62: 43710 | B62: 34825 | C62: FF-19825-031 | D62: BFS - Pasquale Visitors Arm Chairs | E62: 2564.7 | H62: 2564.7 | J62: =+$H62/$I$30/12 -> 35.620833 | K62: =+$H62/$I$30/12 -> 35.620833 | L62: =+$H62/$I$30/12 -> 35.620833 | M62: =+$H62/$I$30/12 -> 35.620833 | N62: =+$H62/$I$30/12 -> 35.620833 | O62: =+$H62/$I$30/12 -> 35.620833 | P62: 0 | Q62: 0 | R62: 0 | S62: 0 | T62: 0 | U62: 0 | V62: 213.73 | W62: 2564.7 | X62: =+H62-W62 -> 0
A63: 43710 | B63: 34825 | C63: FF-19825-032 | D63: BFS - Pasquale Visitors Arm Chairs | E63: 2564.7 | H63: 2564.7 | J63: =+$H63/$I$30/12 -> 35.620833 | K63: =+$H63/$I$30/12 -> 35.620833 | L63: =+$H63/$I$30/12 -> 35.620833 | M63: =+$H63/$I$30/12 -> 35.620833 | N63: =+$H63/$I$30/12 -> 35.620833 | O63: =+$H63/$I$30/12 -> 35.620833 | P63: 0 | Q63: 0 | R63: 0 | S63: 0 | T63: 0 | U63: 0 | V63: 213.73 | W63: 2564.7 | X63: =+H63-W63 -> 0
A64: 43710 | B64: 34825 | C64: FF-19825-033 | D64: BFS - Pasquale Visitors Arm Chairs | E64: 2564.7 | H64: 2564.7 | J64: =+$H64/$I$30/12 -> 35.620833 | K64: =+$H64/$I$30/12 -> 35.620833 | L64: =+$H64/$I$30/12 -> 35.620833 | M64: =+$H64/$I$30/12 -> 35.620833 | N64: =+$H64/$I$30/12 -> 35.620833 | O64: =+$H64/$I$30/12 -> 35.620833 | P64: 0 | Q64: 0 | R64: 0 | S64: 0 | T64: 0 | U64: 0 | V64: 213.73 | W64: 2564.7 | X64: =+H64-W64 -> 0
A65: 43710 | B65: 34825 | C65: FF-19825-034 | D65: BFS - Pasquale Visitors Arm Chairs | E65: 2564.7 | H65: 2564.7 | J65: =+$H65/$I$30/12 -> 35.620833 | K65: =+$H65/$I$30/12 -> 35.620833 | L65: =+$H65/$I$30/12 -> 35.620833 | M65: =+$H65/$I$30/12 -> 35.620833 | N65: =+$H65/$I$30/12 -> 35.620833 | O65: =+$H65/$I$30/12 -> 35.620833 | P65: 0 | Q65: 0 | R65: 0 | S65: 0 | T65: 0 | U65: 0 | V65: 213.73 | W65: 2564.7 | X65: =+H65-W65 -> 0
A66: 43710 | B66: 34825 | C66: FF-19825-035 | D66: BFS - Pasquale Visitors Arm Chairs | E66: 2564.7 | H66: 2564.7 | J66: =+$H66/$I$30/12 -> 35.620833 | K66: =+$H66/$I$30/12 -> 35.620833 | L66: =+$H66/$I$30/12 -> 35.620833 | M66: =+$H66/$I$30/12 -> 35.620833 | N66: =+$H66/$I$30/12 -> 35.620833 | O66: =+$H66/$I$30/12 -> 35.620833 | P66: 0 | Q66: 0 | R66: 0 | S66: 0 | T66: 0 | U66: 0 | V66: 213.73 | W66: 2564.7 | X66: =+H66-W66 -> 0
A67: 43710 | B67: 34825 | C67: FF-19825-036 | D67: BFS - Pasquale Visitors Arm Chairs | E67: 2564.7 | H67: 2564.7 | J67: =+$H67/$I$30/12 -> 35.620833 | K67: =+$H67/$I$30/12 -> 35.620833 | L67: =+$H67/$I$30/12 -> 35.620833 | M67: =+$H67/$I$30/12 -> 35.620833 | N67: =+$H67/$I$30/12 -> 35.620833 | O67: =+$H67/$I$30/12 -> 35.620833 | P67: 0 | Q67: 0 | R67: 0 | S67: 0 | T67: 0 | U67: 0 | V67: 213.73 | W67: 2564.7 | X67: =+H67-W67 -> 0
A68: 44791 | B68: Piyox-TV | C68: FF-22PIY-037 | D68: Samsung 55" TV - Crystal UHD Smart TV | E68: 13715 | H68: 13715 | J68: =+$H68/$I$30/12 -> 190.48611 | K68: =+$H68/$I$30/12 -> 190.48611 | L68: =+$H68/$I$30/12 -> 190.48611 | M68: =+$H68/$I$30/12 -> 190.48611 | N68: =+$H68/$I$30/12 -> 190.48611 | O68: =+$H68/$I$30/12 -> 190.48611 | P68: =+$H68/$I$30/12 -> 190.48611 | Q68: =+$H68/$I$30/12 -> 190.48611 | ... U68: =+$H68/$I$30/12 -> 190.48611 | V68: =SUM(J68:U68) -> 2285.8333 | W68: ='FAR25'!V28+V68 -> 8081.8299 | X68: =H68-W68 -> 5633.1701
A69: 45817 | B69: INV58966 | C69: FF-25INV-038 | D69: Data Point Installation & HPE Networking | F69: 38261.41 | H69: 38261.41 | J69: 0 | M69: =+$H69/$I$30/365*(30-9) -> 366.89023 | N69: =+$H69/$I$30/12 -> 531.40847 | O69: =+$H69/$I$30/12 -> 531.40847 | P69: =+$H69/$I$30/12 -> 531.40847 | Q69: =+$H69/$I$30/12 -> 531.40847 | R69: =+$H69/$I$30/12 -> 531.40847 | S69: =+$H69/$I$30/12 -> 531.40847 | T69: =+$H69/$I$30/12 -> 531.40847 | U69: =+$H69/$I$30/12 -> 531.40847 | V69: =SUM(J69:U69) -> 4618.158 | W69: ='FAR25'!V29+V69 -> 4618.158 | X69: =H69-W69 -> 33643.252
A70: 45938 | B70: INV0810-0125 | C70: FF-25INV-039 | D70: Perspex Slogans, Sandblasting Panels, Wallpaper, Carpet | F70: 72403 | H70: =F70 -> 72403 | Q70: =+$H70/$I$30/365*(31-8) -> 760.3968 | R70: =+$H70/$I$30/12 -> 1005.5972 | S70: =+$H70/$I$30/12 -> 1005.5972 | T70: =+$H70/$I$30/12 -> 1005.5972 | U70: =+$H70/$I$30/12 -> 1005.5972 | V70: =SUM(J70:U70) -> 4782.7857 | W70: =V70 -> 4782.7857 | X70: =H70-W70 -> 67620.214
E72: =SUM(E30:E71) -> 197497 | F72: =SUM(F30:F71) -> 110664.41 | G72: =SUM(G30:G53) -> 0 | H72: =SUM(E72:G72) -> 308161.41 | J72: =SUM(J32:J71) -> 1134.3472 | K72: =SUM(K32:K71) -> 1049.5006 | L72: =SUM(L32:L71) -> 765.68056 | M72: =SUM(M32:M71) -> 1132.5708 | N72: =SUM(N32:N71) -> 1297.089 | O72: =SUM(O32:O71) -> 1297.089 | P72: =SUM(P32:P71) -> 721.89458 | Q72: =SUM(Q32:Q71) -> 1482.2914 | ... X72: =SUM(X32:X71) -> 106896.64
E74: 197497 | F74: 110664.41 | G74: 0 | H74: 308161.41 | J74: 1134.3472 | K74: 1049.5006 | L74: 765.68056 | M74: 1132.5708 | N74: 1297.089 | O74: 1297.089 | P74: 721.89458 | Q74: 1482.2914 | R74: 1727.4918 | S74: 1727.4918 | T74: 1727.4918 | U74: 0 | V74: 14062.939 | W74: 199537.27 | X74: 108624.14
A76: Date | B76: Reference | D76: Description | E76: Cost | F76: Additions | G76: Disp | H76: Total | I76: Per | J76: 45747 | K76: 45777 | L76: 45808 | M76: 45838 | N76: 45869 | O76: 45900 | P76: 45930 | Q76: 45961 | R76: 45991 | S76: 46022 | T76: 46053 | U76: 46081 | V76: Depn for Year | W76: Accum Depn | X76: NBV 2024
A77: 6300>020 (Motor Vehicles>Cost) | I77: 5 | J77: =+A77 -> 6300>020 (Motor Vehicles>Cost)
A79: 42860 | B79: 89009640 | C79: MV-17TYT-001 | D79: Rivonia Toyota: Corolla Quest 1.6 AT | E79: ='FAR21'!G31 -> 255969.92 | H79: =+E79+F79-G79 -> 255969.92 | J79: 0 | K79: 0 | L79: 0 | M79: 0 | N79: 0 | O79: 0 | P79: 0 | Q79: 0 | R79: 0 | S79: 0 | T79: 0 | U79: 0 | V79: =SUM(J79:U79) -> 0 | W79: ='FAR25'!V35+V79 -> 255969.92 | X79: =+H79-W79 -> 0.00058264844
E81: =SUM(E79) -> 255969.92 | F81: =SUM(F79) -> 0 | G81: =SUM(G79) -> 0 | H81: =SUM(E81:G81) -> 255969.92 | J81: =SUM(J79) -> 0 | K81: =SUM(K79) -> 0 | L81: =SUM(L79) -> 0 | M81: =SUM(M79) -> 0 | N81: =SUM(N79) -> 0 | O81: =SUM(O79) -> 0 | P81: =SUM(P79) -> 0 | Q81: =SUM(Q79) -> 0 | ... X81: =SUM(X79) -> 0.00058264844
A84: Date | B84: Reference | D84: Description | E84: Cost | F84: Additions | G84: Disp | H84: Total | I84: Per | J84: 45747 | K84: 45777 | L84: 45808 | M84: 45838 | N84: 45869 | O84: 45900 | P84: 45930 | Q84: 45961 | R84: 45991 | S84: 46022 | T84: 46053 | U84: 46081 | V84: Depn for Year | W84: Accum Depn | X84: NBV 2024
A85: 6400>020 (Office Equipment>Cost) | J85: =+A85 -> 6400>020 (Office Equipment>Cost)
I86: 6
A87: 45139 | B87: Boardroom Upgrade1 | C87: OE-23UPG-001 | D87: Boardroom: Yearlink Microsoft V/C (Speaker) | E87: 44100 | H87: 44100 | J87: =+$H87/$I$86/12 -> 612.5 | K87: =+$H87/$I$86/12 -> 612.5 | L87: =+$H87/$I$86/12 -> 612.5 | M87: =+$H87/$I$86/12 -> 612.5 | N87: =+$H87/$I$86/12 -> 612.5 | O87: =+$H87/$I$86/12 -> 612.5 | P87: =+$H87/$I$86/12 -> 612.5 | Q87: =+$H87/$I$86/12 -> 612.5 | ... U87: =+$H87/$I$86/12 -> 612.5 | V87: =SUM(J87:U87) -> 7350 | W87: ='FAR25'!V43+V87 -> 18987.5 | X87: =H87-W87 -> 25112.5
A88: 45870 | B88: INV59193 | C88: OE-25INV-002 | D88: Hardware, HDMI Extender Cables | F88: 4021.04 | H88: 4021.06 | J88: 0 | K88: 0 | L88: 0 | M88: 0 | N88: 0 | O88: =+$H88/$I$86/12 -> 55.848056 | P88: =+$H88/$I$86/12 -> 55.848056 | Q88: =+$H88/$I$86/12 -> 55.848056 | R88: =+$H88/$I$86/12 -> 55.848056 | S88: =+$H88/$I$86/12 -> 55.848056 | T88: =+$H88/$I$86/12 -> 55.848056 | U88: =+$H88/$I$86/12 -> 55.848056 | V88: =SUM(J88:U88) -> 390.93639 | W88: ='FAR25'!V44+V88 -> 390.93639 | X88: =H88-W88 -> 3630.1236
A89: 45903 | B89: IN600470 | C89: OE-25UPS-003 | D89: UPS Upgrade | F89: 33677.14 | H89: 33677.14 | J89: 0 | K89: 0 | L89: 0 | M89: 0 | N89: 0 | O89: 0 | P89: =+$H89/$I$86/365*(30-3) -> 415.19762 | Q89: =+$H89/$I$86/12 -> 467.73806 | R89: =+$H89/$I$86/12 -> 467.73806 | S89: =+$H89/$I$86/12 -> 467.73806 | T89: =+$H89/$I$86/12 -> 467.73806 | U89: =+$H89/$I$86/12 -> 467.73806 | V89: =SUM(J89:U89) -> 2753.8879 | W89: =V89 -> 2753.8879 | X89: =H89-W89 -> 30923.252
A90: 45926 | B90: INV60156 | C90: OE-25ARB-004 | D90: Aruba Ion 1830 (4x POE) 65W Switch | F90: 3353.4 | H90: =F90 -> 3353.4 | P90: =+$H90/$I$86/365*(30-26) -> 6.1249315 | Q90: =+$H90/$I$86/12 -> 46.575 | R90: =+$H90/$I$86/12 -> 46.575 | S90: =+$H90/$I$86/12 -> 46.575 | T90: =+$H90/$I$86/12 -> 46.575 | U90: =+$H90/$I$86/12 -> 46.575 | V90: =SUM(J90:U90) -> 238.99993 | W90: =V90 -> 238.99993 | X90: =H90-W90 -> 3114.4001
E92: =SUM(E87:E91) -> 44100 | F92: =SUM(F87:F91) -> 41051.58 | H92: =SUM(H87:H91) -> 85151.6 | J92: =SUM(J87:J91) -> 612.5 | K92: =SUM(K87:K91) -> 612.5 | L92: =SUM(L87:L91) -> 612.5 | M92: =SUM(M87:M91) -> 612.5 | N92: =SUM(N87:N91) -> 612.5 | O92: =SUM(O87:O91) -> 668.34806 | P92: =SUM(P87:P91) -> 1089.6706 | Q92: =SUM(Q87:Q91) -> 1182.6611 | ... X92: =SUM(X87:X91) -> 62780.276
A94: Date | B94: Reference | D94: Description | E94: Cost | F94: Additions | G94: Disp | H94: Total | I94: Per | J94: 45747 | K94: 45777 | L94: 45808 | M94: 45838 | N94: 45869 | O94: 45900 | P94: 45930 | Q94: 45961 | R94: 45991 | S94: 46022 | T94: 46053 | U94: 46081 | V94: Depn for Year | W94: Accum Depn | X94: NBV 2024
A95: 6150>020 (Computer Software>Cost) | J95: =+A95 -> 6150>020 (Computer Software>Cost)
I96: 3
A97: 45371 | B97: IN100607 | C97: CS-24SAG-001 | D97: SAGE BI Advance Module | E97: 27173.91 | H97: 27173.91 | J97: =+$H97/$I$96/12 -> 754.83083 | K97: =+$H97/$I$96/12 -> 754.83083 | L97: =+$H97/$I$96/12 -> 754.83083 | M97: =+$H97/$I$96/12 -> 754.83083 | N97: =+$H97/$I$96/12 -> 754.83083 | O97: =+$H97/$I$96/12 -> 754.83083 | P97: =+$H97/$I$96/12 -> 754.83083 | Q97: =+$H97/$I$96/12 -> 754.83083 | ... U97: =+$H97/$I$96/12 -> 754.83083 | V97: =SUM(J97:U97) -> 9057.97 | W97: ='FAR25'!V50+V97 -> 17609.273 | X97: =H97-W97 -> 9564.6373
E99: =E97 -> 27173.91 | F99: =F97 | G99: =G97 | H99: =H97 -> 27173.91 | J99: =J97 -> 754.83083 | K99: =K97 -> 754.83083 | L99: =L97 -> 754.83083 | M99: =M97 -> 754.83083 | N99: =N97 -> 754.83083 | O99: =O97 -> 754.83083 | P99: =P97 -> 754.83083 | Q99: =Q97 -> 754.83083 | ... X99: =X97 -> 9564.6373
A101: Grand Total | E101: =E25+E72+E81+E99 -> 764104.48 | F101: =F25+F72+F81+F92 -> 158793.59 | G101: =G25+G72+G81 -> 0 | H101: =H25+H72+H81+H92+H99 -> 966998.09 | J101: =J25+J72+J81+J92+J99 -> 3050.7969 | K101: =K25+K72+K81+K92+K99 -> 2965.9503 | L101: =L25+L72+L81+L92+L99 -> 2335.995 | M101: =M25+M72+M81+M92+M99 -> 2702.8852 | N101: =N25+N72+N81+N92+N99 -> 3003.1383 | O101: =O25+O72+O81+O92+O99 -> 3119.8515 | P101: =P25+P72+P81+P92+P99 -> 2965.9796 | Q101: =Q25+Q72+Q81+Q92+Q99 -> 3819.3669 | ... U101: =U25+U72+U81+U92+U99 -> 4064.5674 | V101: =V25+V72+V81 -> 20430.489 | W101: =W25+W72+W81 -> 737005.05 | X101: =X25+X72+X81 -> 117667.53
